PollingUnitID,State,LGA,Ward,ElectionYear,RegisteredVoters,PartyAVotes,PartyBVotes,PartyCVotes,TotalVotesCast,MergeKey,Tunout Percentage,Anomaly Flag,IncidentCount,Avg SeverityScore,Country,RiskCategory,Location
PU503,Rivers,Obio/Akpor,Ward BD,2023,1000,495,475,15,985,Obio/Akpor-Rivers-2023,98.5,Normal,12,4.833333333,Nigeria,Medium Score,"Obio/Akpor,Rivers,Nigeria"
PU506,Kano,Fagge,Ward AV,2023,770,380,360,15,755,Fagge-Kano-2023,98.05194805,Normal,12,4.833333333,Nigeria,Medium Score,"Fagge,Kano,Nigeria"
PU511,Rivers,Obio/Akpor,Ward BE,2023,1010,500,480,15,995,Obio/Akpor-Rivers-2023,98.51485149,Normal,12,4.833333333,Nigeria,Medium Score,"Obio/Akpor,Rivers,Nigeria"
PU514,Kano,Fagge,Ward AW,2023,780,385,365,15,765,Fagge-Kano-2023,98.07692308,Normal,12,4.833333333,Nigeria,Medium Score,"Fagge,Kano,Nigeria"
PU519,Rivers,Obio/Akpor,Ward BF,2023,1020,505,485,15,1005,Obio/Akpor-Rivers-2023,98.52941176,Normal,12,4.833333333,Nigeria,Medium Score,"Obio/Akpor,Rivers,Nigeria"
PU522,Kano,Fagge,Ward AX,2023,790,390,370,15,775,Fagge-Kano-2023,98.10126582,Normal,12,4.833333333,Nigeria,Medium Score,"Fagge,Kano,Nigeria"
PU527,Rivers,Obio/Akpor,Ward BG,2023,1030,510,490,15,1015,Obio/Akpor-Rivers-2023,98.54368932,Normal,12,4.833333333,Nigeria,Medium Score,"Obio/Akpor,Rivers,Nigeria"
PU530,Kano,Fagge,Ward AY,2023,800,395,375,15,785,Fagge-Kano-2023,98.125,Normal,12,4.833333333,Nigeria,Medium Score,"Fagge,Kano,Nigeria"
PU535,Rivers,Obio/Akpor,Ward BH,2023,1040,515,495,15,1025,Obio/Akpor-Rivers-2023,98.55769231,Normal,12,4.833333333,Nigeria,Medium Score,"Obio/Akpor,Rivers,Nigeria"
PU538,Kano,Fagge,Ward AZ,2023,810,400,380,15,795,Fagge-Kano-2023,98.14814815,Normal,12,4.833333333,Nigeria,Medium Score,"Fagge,Kano,Nigeria"
PU543,Rivers,Obio/Akpor,Ward BI,2023,1050,520,500,15,1035,Obio/Akpor-Rivers-2023,98.57142857,Normal,12,4.833333333,Nigeria,Medium Score,"Obio/Akpor,Rivers,Nigeria"
PU546,Kano,Fagge,Ward BA,2023,820,405,385,15,805,Fagge-Kano-2023,98.17073171,Normal,12,4.833333333,Nigeria,Medium Score,"Fagge,Kano,Nigeria"
PU551,Rivers,Obio/Akpor,Ward BJ,2023,1060,525,505,15,1045,Obio/Akpor-Rivers-2023,98.58490566,Normal,12,4.833333333,Nigeria,Medium Score,"Obio/Akpor,Rivers,Nigeria"
PU554,Kano,Fagge,Ward BB,2023,830,410,390,15,815,Fagge-Kano-2023,98.19277108,Normal,12,4.833333333,Nigeria,Medium Score,"Fagge,Kano,Nigeria"
PU559,Rivers,Obio/Akpor,Ward BK,2023,1070,530,510,15,1055,Obio/Akpor-Rivers-2023,98.59813084,Normal,12,4.833333333,Nigeria,Medium Score,"Obio/Akpor,Rivers,Nigeria"
PU562,Kano,Fagge,Ward BC,2023,840,415,395,15,825,Fagge-Kano-2023,98.21428571,Normal,12,4.833333333,Nigeria,Medium Score,"Fagge,Kano,Nigeria"
PU567,Rivers,Obio/Akpor,Ward BL,2023,1080,535,515,15,1065,Obio/Akpor-Rivers-2023,98.61111111,Normal,12,4.833333333,Nigeria,Medium Score,"Obio/Akpor,Rivers,Nigeria"
PU570,Kano,Fagge,Ward BD,2023,850,420,400,15,835,Fagge-Kano-2023,98.23529412,Normal,12,4.833333333,Nigeria,Medium Score,"Fagge,Kano,Nigeria"
PU575,Rivers,Obio/Akpor,Ward BM,2023,1090,540,520,15,1075,Obio/Akpor-Rivers-2023,98.62385321,Normal,12,4.833333333,Nigeria,Medium Score,"Obio/Akpor,Rivers,Nigeria"
PU578,Kano,Fagge,Ward BE,2023,860,425,405,15,845,Fagge-Kano-2023,98.25581395,Normal,12,4.833333333,Nigeria,Medium Score,"Fagge,Kano,Nigeria"
PU583,Rivers,Obio/Akpor,Ward BN,2023,1100,545,525,15,1085,Obio/Akpor-Rivers-2023,98.63636364,Normal,12,4.833333333,Nigeria,Medium Score,"Obio/Akpor,Rivers,Nigeria"
PU586,Kano,Fagge,Ward BF,2023,870,430,410,15,855,Fagge-Kano-2023,98.27586207,Normal,12,4.833333333,Nigeria,Medium Score,"Fagge,Kano,Nigeria"
PU591,Rivers,Obio/Akpor,Ward BO,2023,1110,550,530,15,1095,Obio/Akpor-Rivers-2023,98.64864865,Normal,12,4.833333333,Nigeria,Medium Score,"Obio/Akpor,Rivers,Nigeria"
PU594,Kano,Fagge,Ward BG,2023,880,435,415,15,865,Fagge-Kano-2023,98.29545455,Normal,12,4.833333333,Nigeria,Medium Score,"Fagge,Kano,Nigeria"
PU599,Rivers,Obio/Akpor,Ward BP,2023,1120,555,535,15,1105,Obio/Akpor-Rivers-2023,98.66071429,Normal,12,4.833333333,Nigeria,Medium Score,"Obio/Akpor,Rivers,Nigeria"
PU703,Rivers,Obio/Akpor,Ward CD,2023,1020,505,485,15,1005,Obio/Akpor-Rivers-2023,98.52941176,Normal,12,4.833333333,Nigeria,Medium Score,"Obio/Akpor,Rivers,Nigeria"
PU706,Kano,Fagge,Ward BT,2023,770,380,360,15,755,Fagge-Kano-2023,98.05194805,Normal,12,4.833333333,Nigeria,Medium Score,"Fagge,Kano,Nigeria"
PU711,Rivers,Obio/Akpor,Ward CE,2023,1030,510,490,15,1015,Obio/Akpor-Rivers-2023,98.54368932,Normal,12,4.833333333,Nigeria,Medium Score,"Obio/Akpor,Rivers,Nigeria"
PU714,Kano,Fagge,Ward BU,2023,780,385,365,15,765,Fagge-Kano-2023,98.07692308,Normal,12,4.833333333,Nigeria,Medium Score,"Fagge,Kano,Nigeria"
PU719,Rivers,Obio/Akpor,Ward CF,2023,1040,515,495,15,1025,Obio/Akpor-Rivers-2023,98.55769231,Normal,12,4.833333333,Nigeria,Medium Score,"Obio/Akpor,Rivers,Nigeria"
PU722,Kano,Fagge,Ward BV,2023,790,390,370,15,775,Fagge-Kano-2023,98.10126582,Normal,12,4.833333333,Nigeria,Medium Score,"Fagge,Kano,Nigeria"
PU727,Rivers,Obio/Akpor,Ward CG,2023,1050,520,500,15,1035,Obio/Akpor-Rivers-2023,98.57142857,Normal,12,4.833333333,Nigeria,Medium Score,"Obio/Akpor,Rivers,Nigeria"
PU730,Kano,Fagge,Ward BW,2023,800,395,375,15,785,Fagge-Kano-2023,98.125,Normal,12,4.833333333,Nigeria,Medium Score,"Fagge,Kano,Nigeria"
PU735,Rivers,Obio/Akpor,Ward CH,2023,1060,525,505,15,1045,Obio/Akpor-Rivers-2023,98.58490566,Normal,12,4.833333333,Nigeria,Medium Score,"Obio/Akpor,Rivers,Nigeria"
PU738,Kano,Fagge,Ward BX,2023,810,400,380,15,795,Fagge-Kano-2023,98.14814815,Normal,12,4.833333333,Nigeria,Medium Score,"Fagge,Kano,Nigeria"
PU743,Rivers,Obio/Akpor,Ward CI,2023,1070,530,510,15,1055,Obio/Akpor-Rivers-2023,98.59813084,Normal,12,4.833333333,Nigeria,Medium Score,"Obio/Akpor,Rivers,Nigeria"
PU746,Kano,Fagge,Ward BY,2023,820,405,385,15,805,Fagge-Kano-2023,98.17073171,Normal,12,4.833333333,Nigeria,Medium Score,"Fagge,Kano,Nigeria"
PU751,Rivers,Obio/Akpor,Ward CJ,2023,1080,535,515,15,1065,Obio/Akpor-Rivers-2023,98.61111111,Normal,12,4.833333333,Nigeria,Medium Score,"Obio/Akpor,Rivers,Nigeria"
PU754,Kano,Fagge,Ward BZ,2023,830,410,390,15,815,Fagge-Kano-2023,98.19277108,Normal,12,4.833333333,Nigeria,Medium Score,"Fagge,Kano,Nigeria"
PU759,Rivers,Obio/Akpor,Ward CK,2023,1090,540,520,15,1075,Obio/Akpor-Rivers-2023,98.62385321,Normal,12,4.833333333,Nigeria,Medium Score,"Obio/Akpor,Rivers,Nigeria"
PU762,Kano,Fagge,Ward CA,2023,840,415,395,15,825,Fagge-Kano-2023,98.21428571,Normal,12,4.833333333,Nigeria,Medium Score,"Fagge,Kano,Nigeria"
PU767,Rivers,Obio/Akpor,Ward CL,2023,1100,545,525,15,1085,Obio/Akpor-Rivers-2023,98.63636364,Normal,12,4.833333333,Nigeria,Medium Score,"Obio/Akpor,Rivers,Nigeria"
PU770,Kano,Fagge,Ward CB,2023,850,420,400,15,835,Fagge-Kano-2023,98.23529412,Normal,12,4.833333333,Nigeria,Medium Score,"Fagge,Kano,Nigeria"
PU775,Rivers,Obio/Akpor,Ward CM,2023,1110,550,530,15,1095,Obio/Akpor-Rivers-2023,98.64864865,Normal,12,4.833333333,Nigeria,Medium Score,"Obio/Akpor,Rivers,Nigeria"
PU778,Kano,Fagge,Ward CC,2023,860,425,405,15,845,Fagge-Kano-2023,98.25581395,Normal,12,4.833333333,Nigeria,Medium Score,"Fagge,Kano,Nigeria"
PU783,Rivers,Obio/Akpor,Ward CN,2023,1120,555,535,15,1105,Obio/Akpor-Rivers-2023,98.66071429,Normal,12,4.833333333,Nigeria,Medium Score,"Obio/Akpor,Rivers,Nigeria"
PU786,Kano,Fagge,Ward CD,2023,870,430,410,15,855,Fagge-Kano-2023,98.27586207,Normal,12,4.833333333,Nigeria,Medium Score,"Fagge,Kano,Nigeria"
PU791,Rivers,Obio/Akpor,Ward CO,2023,1130,560,540,15,1115,Obio/Akpor-Rivers-2023,98.67256637,Normal,12,4.833333333,Nigeria,Medium Score,"Obio/Akpor,Rivers,Nigeria"
PU794,Kano,Fagge,Ward CE,2023,880,435,415,15,865,Fagge-Kano-2023,98.29545455,Normal,12,4.833333333,Nigeria,Medium Score,"Fagge,Kano,Nigeria"
PU799,Rivers,Obio/Akpor,Ward CP,2023,1140,565,545,15,1125,Obio/Akpor-Rivers-2023,98.68421053,Normal,12,4.833333333,Nigeria,Medium Score,"Obio/Akpor,Rivers,Nigeria"
PU903,Rivers,Obio/Akpor,Ward DD,2023,1020,505,485,15,1005,Obio/Akpor-Rivers-2023,98.52941176,Normal,12,4.833333333,Nigeria,Medium Score,"Obio/Akpor,Rivers,Nigeria"
PU906,Kano,Fagge,Ward CR,2023,770,380,360,15,755,Fagge-Kano-2023,98.05194805,Normal,12,4.833333333,Nigeria,Medium Score,"Fagge,Kano,Nigeria"
PU911,Rivers,Obio/Akpor,Ward DE,2023,1030,510,490,15,1015,Obio/Akpor-Rivers-2023,98.54368932,Normal,12,4.833333333,Nigeria,Medium Score,"Obio/Akpor,Rivers,Nigeria"
PU914,Kano,Fagge,Ward CS,2023,780,385,365,15,765,Fagge-Kano-2023,98.07692308,Normal,12,4.833333333,Nigeria,Medium Score,"Fagge,Kano,Nigeria"
PU919,Rivers,Obio/Akpor,Ward DF,2023,1040,515,495,15,1025,Obio/Akpor-Rivers-2023,98.55769231,Normal,12,4.833333333,Nigeria,Medium Score,"Obio/Akpor,Rivers,Nigeria"
PU922,Kano,Fagge,Ward CT,2023,790,390,370,15,775,Fagge-Kano-2023,98.10126582,Normal,12,4.833333333,Nigeria,Medium Score,"Fagge,Kano,Nigeria"
PU927,Rivers,Obio/Akpor,Ward DG,2023,1050,520,500,15,1035,Obio/Akpor-Rivers-2023,98.57142857,Normal,12,4.833333333,Nigeria,Medium Score,"Obio/Akpor,Rivers,Nigeria"
PU930,Kano,Fagge,Ward CU,2023,800,395,375,15,785,Fagge-Kano-2023,98.125,Normal,12,4.833333333,Nigeria,Medium Score,"Fagge,Kano,Nigeria"
PU935,Rivers,Obio/Akpor,Ward DH,2023,1060,525,505,15,1045,Obio/Akpor-Rivers-2023,98.58490566,Normal,12,4.833333333,Nigeria,Medium Score,"Obio/Akpor,Rivers,Nigeria"
PU938,Kano,Fagge,Ward CV,2023,810,400,380,15,795,Fagge-Kano-2023,98.14814815,Normal,12,4.833333333,Nigeria,Medium Score,"Fagge,Kano,Nigeria"
PU943,Rivers,Obio/Akpor,Ward DI,2023,1070,530,510,15,1055,Obio/Akpor-Rivers-2023,98.59813084,Normal,12,4.833333333,Nigeria,Medium Score,"Obio/Akpor,Rivers,Nigeria"
PU946,Kano,Fagge,Ward CW,2023,820,405,385,15,805,Fagge-Kano-2023,98.17073171,Normal,12,4.833333333,Nigeria,Medium Score,"Fagge,Kano,Nigeria"
PU951,Rivers,Obio/Akpor,Ward DJ,2023,1080,535,515,15,1065,Obio/Akpor-Rivers-2023,98.61111111,Normal,12,4.833333333,Nigeria,Medium Score,"Obio/Akpor,Rivers,Nigeria"
PU954,Kano,Fagge,Ward CX,2023,830,410,390,15,815,Fagge-Kano-2023,98.19277108,Normal,12,4.833333333,Nigeria,Medium Score,"Fagge,Kano,Nigeria"
PU959,Rivers,Obio/Akpor,Ward DK,2023,1090,540,520,15,1075,Obio/Akpor-Rivers-2023,98.62385321,Normal,12,4.833333333,Nigeria,Medium Score,"Obio/Akpor,Rivers,Nigeria"
PU962,Kano,Fagge,Ward CY,2023,840,415,395,15,825,Fagge-Kano-2023,98.21428571,Normal,12,4.833333333,Nigeria,Medium Score,"Fagge,Kano,Nigeria"
PU967,Rivers,Obio/Akpor,Ward DL,2023,1100,545,525,15,1085,Obio/Akpor-Rivers-2023,98.63636364,Normal,12,4.833333333,Nigeria,Medium Score,"Obio/Akpor,Rivers,Nigeria"
PU970,Kano,Fagge,Ward CZ,2023,850,420,400,15,835,Fagge-Kano-2023,98.23529412,Normal,12,4.833333333,Nigeria,Medium Score,"Fagge,Kano,Nigeria"
PU975,Rivers,Obio/Akpor,Ward DM,2023,1110,550,530,15,1095,Obio/Akpor-Rivers-2023,98.64864865,Normal,12,4.833333333,Nigeria,Medium Score,"Obio/Akpor,Rivers,Nigeria"
PU978,Kano,Fagge,Ward DA,2023,860,425,405,15,845,Fagge-Kano-2023,98.25581395,Normal,12,4.833333333,Nigeria,Medium Score,"Fagge,Kano,Nigeria"
PU983,Rivers,Obio/Akpor,Ward DN,2023,1120,555,535,15,1105,Obio/Akpor-Rivers-2023,98.66071429,Normal,12,4.833333333,Nigeria,Medium Score,"Obio/Akpor,Rivers,Nigeria"
PU986,Kano,Fagge,Ward DB,2023,870,430,410,15,855,Fagge-Kano-2023,98.27586207,Normal,12,4.833333333,Nigeria,Medium Score,"Fagge,Kano,Nigeria"
PU991,Rivers,Obio/Akpor,Ward DO,2023,1130,560,540,15,1115,Obio/Akpor-Rivers-2023,98.67256637,Normal,12,4.833333333,Nigeria,Medium Score,"Obio/Akpor,Rivers,Nigeria"
PU994,Kano,Fagge,Ward DC,2023,880,435,415,15,865,Fagge-Kano-2023,98.29545455,Normal,12,4.833333333,Nigeria,Medium Score,"Fagge,Kano,Nigeria"
PU999,Rivers,Obio/Akpor,Ward DP,2023,1140,565,545,15,1125,Obio/Akpor-Rivers-2023,98.68421053,Normal,12,4.833333333,Nigeria,Medium Score,"Obio/Akpor,Rivers,Nigeria"
PU406,Kano,Fagge,Ward AJ,2019,650,320,300,15,635,Fagge-Kano-2019,97.69230769,Normal,12,3.833333333,Nigeria,Medium Score,"Fagge,Kano,Nigeria"
PU414,Kano,Fagge,Ward AK,2019,660,325,305,15,645,Fagge-Kano-2019,97.72727273,Normal,12,3.833333333,Nigeria,Medium Score,"Fagge,Kano,Nigeria"
PU422,Kano,Fagge,Ward AL,2019,670,330,310,15,655,Fagge-Kano-2019,97.76119403,Normal,12,3.833333333,Nigeria,Medium Score,"Fagge,Kano,Nigeria"
PU430,Kano,Fagge,Ward AM,2019,680,335,315,15,665,Fagge-Kano-2019,97.79411765,Normal,12,3.833333333,Nigeria,Medium Score,"Fagge,Kano,Nigeria"
PU438,Kano,Fagge,Ward AN,2019,690,340,320,15,675,Fagge-Kano-2019,97.82608696,Normal,12,3.833333333,Nigeria,Medium Score,"Fagge,Kano,Nigeria"
PU446,Kano,Fagge,Ward AO,2019,700,345,325,15,685,Fagge-Kano-2019,97.85714286,Normal,12,3.833333333,Nigeria,Medium Score,"Fagge,Kano,Nigeria"
PU454,Kano,Fagge,Ward AP,2019,710,350,330,15,695,Fagge-Kano-2019,97.88732394,Normal,12,3.833333333,Nigeria,Medium Score,"Fagge,Kano,Nigeria"
PU462,Kano,Fagge,Ward AQ,2019,720,355,335,15,705,Fagge-Kano-2019,97.91666667,Normal,12,3.833333333,Nigeria,Medium Score,"Fagge,Kano,Nigeria"
PU470,Kano,Fagge,Ward AR,2019,730,360,340,15,715,Fagge-Kano-2019,97.94520548,Normal,12,3.833333333,Nigeria,Medium Score,"Fagge,Kano,Nigeria"
PU478,Kano,Fagge,Ward AS,2019,740,365,345,15,725,Fagge-Kano-2019,97.97297297,Normal,12,3.833333333,Nigeria,Medium Score,"Fagge,Kano,Nigeria"
PU486,Kano,Fagge,Ward AT,2019,750,370,350,15,735,Fagge-Kano-2019,98,Normal,12,3.833333333,Nigeria,Medium Score,"Fagge,Kano,Nigeria"
PU494,Kano,Fagge,Ward AU,2019,760,375,355,15,745,Fagge-Kano-2019,98.02631579,Normal,12,3.833333333,Nigeria,Medium Score,"Fagge,Kano,Nigeria"
PU505,Lagos,Eti-Osa,Ward AX,2023,710,350,330,15,695,Eti-Osa-Lagos-2023,97.88732394,Normal,12,3.833333333,Nigeria,Medium Score,"Eti-Osa,Lagos,Nigeria"
PU513,Lagos,Eti-Osa,Ward AY,2023,720,355,335,15,705,Eti-Osa-Lagos-2023,97.91666667,Normal,12,3.833333333,Nigeria,Medium Score,"Eti-Osa,Lagos,Nigeria"
PU521,Lagos,Eti-Osa,Ward AZ,2023,730,360,340,15,715,Eti-Osa-Lagos-2023,97.94520548,Normal,12,3.833333333,Nigeria,Medium Score,"Eti-Osa,Lagos,Nigeria"
PU529,Lagos,Eti-Osa,Ward BA,2023,740,365,345,15,725,Eti-Osa-Lagos-2023,97.97297297,Normal,12,3.833333333,Nigeria,Medium Score,"Eti-Osa,Lagos,Nigeria"
PU537,Lagos,Eti-Osa,Ward BB,2023,750,370,350,15,735,Eti-Osa-Lagos-2023,98,Normal,12,3.833333333,Nigeria,Medium Score,"Eti-Osa,Lagos,Nigeria"
PU545,Lagos,Eti-Osa,Ward BC,2023,760,375,355,15,745,Eti-Osa-Lagos-2023,98.02631579,Normal,12,3.833333333,Nigeria,Medium Score,"Eti-Osa,Lagos,Nigeria"
PU553,Lagos,Eti-Osa,Ward BD,2023,770,380,360,15,755,Eti-Osa-Lagos-2023,98.05194805,Normal,12,3.833333333,Nigeria,Medium Score,"Eti-Osa,Lagos,Nigeria"
PU561,Lagos,Eti-Osa,Ward BE,2023,780,385,365,15,765,Eti-Osa-Lagos-2023,98.07692308,Normal,12,3.833333333,Nigeria,Medium Score,"Eti-Osa,Lagos,Nigeria"
PU569,Lagos,Eti-Osa,Ward BF,2023,790,390,370,15,775,Eti-Osa-Lagos-2023,98.10126582,Normal,12,3.833333333,Nigeria,Medium Score,"Eti-Osa,Lagos,Nigeria"
PU577,Lagos,Eti-Osa,Ward BG,2023,800,395,375,15,785,Eti-Osa-Lagos-2023,98.125,Normal,12,3.833333333,Nigeria,Medium Score,"Eti-Osa,Lagos,Nigeria"
PU585,Lagos,Eti-Osa,Ward BH,2023,810,400,380,15,795,Eti-Osa-Lagos-2023,98.14814815,Normal,12,3.833333333,Nigeria,Medium Score,"Eti-Osa,Lagos,Nigeria"
PU593,Lagos,Eti-Osa,Ward BI,2023,820,405,385,15,805,Eti-Osa-Lagos-2023,98.17073171,Normal,12,3.833333333,Nigeria,Medium Score,"Eti-Osa,Lagos,Nigeria"
PU606,Kano,Fagge,Ward BH,2019,650,320,300,15,635,Fagge-Kano-2019,97.69230769,Normal,12,3.833333333,Nigeria,Medium Score,"Fagge,Kano,Nigeria"
PU614,Kano,Fagge,Ward BI,2019,660,325,305,15,645,Fagge-Kano-2019,97.72727273,Normal,12,3.833333333,Nigeria,Medium Score,"Fagge,Kano,Nigeria"
PU622,Kano,Fagge,Ward BJ,2019,670,330,310,15,655,Fagge-Kano-2019,97.76119403,Normal,12,3.833333333,Nigeria,Medium Score,"Fagge,Kano,Nigeria"
PU630,Kano,Fagge,Ward BK,2019,680,335,315,15,665,Fagge-Kano-2019,97.79411765,Normal,12,3.833333333,Nigeria,Medium Score,"Fagge,Kano,Nigeria"
PU638,Kano,Fagge,Ward BL,2019,690,340,320,15,675,Fagge-Kano-2019,97.82608696,Normal,12,3.833333333,Nigeria,Medium Score,"Fagge,Kano,Nigeria"
PU646,Kano,Fagge,Ward BM,2019,700,345,325,15,685,Fagge-Kano-2019,97.85714286,Normal,12,3.833333333,Nigeria,Medium Score,"Fagge,Kano,Nigeria"
PU654,Kano,Fagge,Ward BN,2019,710,350,330,15,695,Fagge-Kano-2019,97.88732394,Normal,12,3.833333333,Nigeria,Medium Score,"Fagge,Kano,Nigeria"
PU662,Kano,Fagge,Ward BO,2019,720,355,335,15,705,Fagge-Kano-2019,97.91666667,Normal,12,3.833333333,Nigeria,Medium Score,"Fagge,Kano,Nigeria"
PU670,Kano,Fagge,Ward BP,2019,730,360,340,15,715,Fagge-Kano-2019,97.94520548,Normal,12,3.833333333,Nigeria,Medium Score,"Fagge,Kano,Nigeria"
PU678,Kano,Fagge,Ward BQ,2019,740,365,345,15,725,Fagge-Kano-2019,97.97297297,Normal,12,3.833333333,Nigeria,Medium Score,"Fagge,Kano,Nigeria"
PU686,Kano,Fagge,Ward BR,2019,750,370,350,15,735,Fagge-Kano-2019,98,Normal,12,3.833333333,Nigeria,Medium Score,"Fagge,Kano,Nigeria"
PU694,Kano,Fagge,Ward BS,2019,760,375,355,15,745,Fagge-Kano-2019,98.02631579,Normal,12,3.833333333,Nigeria,Medium Score,"Fagge,Kano,Nigeria"
PU705,Lagos,Eti-Osa,Ward BV,2023,720,350,330,15,695,Eti-Osa-Lagos-2023,96.52777778,Normal,12,3.833333333,Nigeria,Medium Score,"Eti-Osa,Lagos,Nigeria"
PU713,Lagos,Eti-Osa,Ward BW,2023,730,355,335,15,705,Eti-Osa-Lagos-2023,96.57534247,Normal,12,3.833333333,Nigeria,Medium Score,"Eti-Osa,Lagos,Nigeria"
PU721,Lagos,Eti-Osa,Ward BX,2023,740,360,340,15,715,Eti-Osa-Lagos-2023,96.62162162,Normal,12,3.833333333,Nigeria,Medium Score,"Eti-Osa,Lagos,Nigeria"
PU729,Lagos,Eti-Osa,Ward BY,2023,750,365,345,15,725,Eti-Osa-Lagos-2023,96.66666667,Normal,12,3.833333333,Nigeria,Medium Score,"Eti-Osa,Lagos,Nigeria"
PU737,Lagos,Eti-Osa,Ward BZ,2023,760,370,350,15,735,Eti-Osa-Lagos-2023,96.71052632,Normal,12,3.833333333,Nigeria,Medium Score,"Eti-Osa,Lagos,Nigeria"
PU745,Lagos,Eti-Osa,Ward CA,2023,770,375,355,15,745,Eti-Osa-Lagos-2023,96.75324675,Normal,12,3.833333333,Nigeria,Medium Score,"Eti-Osa,Lagos,Nigeria"
PU753,Lagos,Eti-Osa,Ward CB,2023,780,380,360,15,755,Eti-Osa-Lagos-2023,96.79487179,Normal,12,3.833333333,Nigeria,Medium Score,"Eti-Osa,Lagos,Nigeria"
PU761,Lagos,Eti-Osa,Ward CC,2023,790,385,365,15,765,Eti-Osa-Lagos-2023,96.83544304,Normal,12,3.833333333,Nigeria,Medium Score,"Eti-Osa,Lagos,Nigeria"
PU769,Lagos,Eti-Osa,Ward CD,2023,800,390,370,15,775,Eti-Osa-Lagos-2023,96.875,Normal,12,3.833333333,Nigeria,Medium Score,"Eti-Osa,Lagos,Nigeria"
PU777,Lagos,Eti-Osa,Ward CE,2023,810,395,375,15,785,Eti-Osa-Lagos-2023,96.91358025,Normal,12,3.833333333,Nigeria,Medium Score,"Eti-Osa,Lagos,Nigeria"
PU785,Lagos,Eti-Osa,Ward CF,2023,820,400,380,15,795,Eti-Osa-Lagos-2023,96.95121951,Normal,12,3.833333333,Nigeria,Medium Score,"Eti-Osa,Lagos,Nigeria"
PU793,Lagos,Eti-Osa,Ward CG,2023,830,405,385,15,805,Eti-Osa-Lagos-2023,96.98795181,Normal,12,3.833333333,Nigeria,Medium Score,"Eti-Osa,Lagos,Nigeria"
PU806,Kano,Fagge,Ward CF,2019,650,320,300,15,635,Fagge-Kano-2019,97.69230769,Normal,12,3.833333333,Nigeria,Medium Score,"Fagge,Kano,Nigeria"
PU814,Kano,Fagge,Ward CG,2019,660,325,305,15,645,Fagge-Kano-2019,97.72727273,Normal,12,3.833333333,Nigeria,Medium Score,"Fagge,Kano,Nigeria"
PU822,Kano,Fagge,Ward CH,2019,670,330,310,15,655,Fagge-Kano-2019,97.76119403,Normal,12,3.833333333,Nigeria,Medium Score,"Fagge,Kano,Nigeria"
PU830,Kano,Fagge,Ward CI,2019,680,335,315,15,665,Fagge-Kano-2019,97.79411765,Normal,12,3.833333333,Nigeria,Medium Score,"Fagge,Kano,Nigeria"
PU838,Kano,Fagge,Ward CJ,2019,690,340,320,15,675,Fagge-Kano-2019,97.82608696,Normal,12,3.833333333,Nigeria,Medium Score,"Fagge,Kano,Nigeria"
PU846,Kano,Fagge,Ward CK,2019,700,345,325,15,685,Fagge-Kano-2019,97.85714286,Normal,12,3.833333333,Nigeria,Medium Score,"Fagge,Kano,Nigeria"
PU854,Kano,Fagge,Ward CL,2019,710,350,330,15,695,Fagge-Kano-2019,97.88732394,Normal,12,3.833333333,Nigeria,Medium Score,"Fagge,Kano,Nigeria"
PU862,Kano,Fagge,Ward CM,2019,720,355,335,15,705,Fagge-Kano-2019,97.91666667,Normal,12,3.833333333,Nigeria,Medium Score,"Fagge,Kano,Nigeria"
PU870,Kano,Fagge,Ward CN,2019,730,360,340,15,715,Fagge-Kano-2019,97.94520548,Normal,12,3.833333333,Nigeria,Medium Score,"Fagge,Kano,Nigeria"
PU878,Kano,Fagge,Ward CO,2019,740,365,345,15,725,Fagge-Kano-2019,97.97297297,Normal,12,3.833333333,Nigeria,Medium Score,"Fagge,Kano,Nigeria"
PU886,Kano,Fagge,Ward CP,2019,750,370,350,15,735,Fagge-Kano-2019,98,Normal,12,3.833333333,Nigeria,Medium Score,"Fagge,Kano,Nigeria"
PU894,Kano,Fagge,Ward CQ,2019,760,375,355,15,745,Fagge-Kano-2019,98.02631579,Normal,12,3.833333333,Nigeria,Medium Score,"Fagge,Kano,Nigeria"
PU905,Lagos,Eti-Osa,Ward CT,2023,720,350,330,15,695,Eti-Osa-Lagos-2023,96.52777778,Normal,12,3.833333333,Nigeria,Medium Score,"Eti-Osa,Lagos,Nigeria"
PU913,Lagos,Eti-Osa,Ward CU,2023,730,355,335,15,705,Eti-Osa-Lagos-2023,96.57534247,Normal,12,3.833333333,Nigeria,Medium Score,"Eti-Osa,Lagos,Nigeria"
PU921,Lagos,Eti-Osa,Ward CV,2023,740,360,340,15,715,Eti-Osa-Lagos-2023,96.62162162,Normal,12,3.833333333,Nigeria,Medium Score,"Eti-Osa,Lagos,Nigeria"
PU929,Lagos,Eti-Osa,Ward CW,2023,750,365,345,15,725,Eti-Osa-Lagos-2023,96.66666667,Normal,12,3.833333333,Nigeria,Medium Score,"Eti-Osa,Lagos,Nigeria"
PU937,Lagos,Eti-Osa,Ward CX,2023,760,370,350,15,735,Eti-Osa-Lagos-2023,96.71052632,Normal,12,3.833333333,Nigeria,Medium Score,"Eti-Osa,Lagos,Nigeria"
PU945,Lagos,Eti-Osa,Ward CY,2023,770,375,355,15,745,Eti-Osa-Lagos-2023,96.75324675,Normal,12,3.833333333,Nigeria,Medium Score,"Eti-Osa,Lagos,Nigeria"
PU953,Lagos,Eti-Osa,Ward CZ,2023,780,380,360,15,755,Eti-Osa-Lagos-2023,96.79487179,Normal,12,3.833333333,Nigeria,Medium Score,"Eti-Osa,Lagos,Nigeria"
PU961,Lagos,Eti-Osa,Ward DA,2023,790,385,365,15,765,Eti-Osa-Lagos-2023,96.83544304,Normal,12,3.833333333,Nigeria,Medium Score,"Eti-Osa,Lagos,Nigeria"
PU969,Lagos,Eti-Osa,Ward DB,2023,800,390,370,15,775,Eti-Osa-Lagos-2023,96.875,Normal,12,3.833333333,Nigeria,Medium Score,"Eti-Osa,Lagos,Nigeria"
PU977,Lagos,Eti-Osa,Ward DC,2023,810,395,375,15,785,Eti-Osa-Lagos-2023,96.91358025,Normal,12,3.833333333,Nigeria,Medium Score,"Eti-Osa,Lagos,Nigeria"
PU985,Lagos,Eti-Osa,Ward DD,2023,820,400,380,15,795,Eti-Osa-Lagos-2023,96.95121951,Normal,12,3.833333333,Nigeria,Medium Score,"Eti-Osa,Lagos,Nigeria"
PU993,Lagos,Eti-Osa,Ward DE,2023,830,405,385,15,805,Eti-Osa-Lagos-2023,96.98795181,Normal,12,3.833333333,Nigeria,Medium Score,"Eti-Osa,Lagos,Nigeria"
PU018,Lagos,Eti-Osa,Ward C,2019,580,290,270,15,575,Eti-Osa-Lagos-2019,99.13793103,Normal,12,2.416666667,Nigeria,Medium Score,"Eti-Osa,Lagos,Nigeria"
PU403,Rivers,Obio/Akpor,Ward AQ,2019,870,430,410,15,855,Obio/Akpor-Rivers-2019,98.27586207,Normal,12,3.916666667,Nigeria,Medium Score,"Obio/Akpor,Rivers,Nigeria"
PU405,Lagos,Eti-Osa,Ward AL,2019,590,290,270,15,575,Eti-Osa-Lagos-2019,97.45762712,Normal,12,2.416666667,Nigeria,Medium Score,"Eti-Osa,Lagos,Nigeria"
PU411,Rivers,Obio/Akpor,Ward AR,2019,880,435,415,15,865,Obio/Akpor-Rivers-2019,98.29545455,Normal,12,3.916666667,Nigeria,Medium Score,"Obio/Akpor,Rivers,Nigeria"
PU413,Lagos,Eti-Osa,Ward AM,2019,600,295,275,15,585,Eti-Osa-Lagos-2019,97.5,Normal,12,2.416666667,Nigeria,Medium Score,"Eti-Osa,Lagos,Nigeria"
PU419,Rivers,Obio/Akpor,Ward AS,2019,890,440,420,15,875,Obio/Akpor-Rivers-2019,98.31460674,Normal,12,3.916666667,Nigeria,Medium Score,"Obio/Akpor,Rivers,Nigeria"
PU421,Lagos,Eti-Osa,Ward AN,2019,610,300,280,15,595,Eti-Osa-Lagos-2019,97.54098361,Normal,12,2.416666667,Nigeria,Medium Score,"Eti-Osa,Lagos,Nigeria"
PU427,Rivers,Obio/Akpor,Ward AT,2019,900,445,425,15,885,Obio/Akpor-Rivers-2019,98.33333333,Normal,12,3.916666667,Nigeria,Medium Score,"Obio/Akpor,Rivers,Nigeria"
PU429,Lagos,Eti-Osa,Ward AO,2019,620,305,285,15,605,Eti-Osa-Lagos-2019,97.58064516,Normal,12,2.416666667,Nigeria,Medium Score,"Eti-Osa,Lagos,Nigeria"
PU435,Rivers,Obio/Akpor,Ward AU,2019,910,450,430,15,895,Obio/Akpor-Rivers-2019,98.35164835,Normal,12,3.916666667,Nigeria,Medium Score,"Obio/Akpor,Rivers,Nigeria"
PU437,Lagos,Eti-Osa,Ward AP,2019,630,310,290,15,615,Eti-Osa-Lagos-2019,97.61904762,Normal,12,2.416666667,Nigeria,Medium Score,"Eti-Osa,Lagos,Nigeria"
PU443,Rivers,Obio/Akpor,Ward AV,2019,920,455,435,15,905,Obio/Akpor-Rivers-2019,98.36956522,Normal,12,3.916666667,Nigeria,Medium Score,"Obio/Akpor,Rivers,Nigeria"
PU445,Lagos,Eti-Osa,Ward AQ,2019,640,315,295,15,625,Eti-Osa-Lagos-2019,97.65625,Normal,12,2.416666667,Nigeria,Medium Score,"Eti-Osa,Lagos,Nigeria"
PU451,Rivers,Obio/Akpor,Ward AW,2019,930,460,440,15,915,Obio/Akpor-Rivers-2019,98.38709677,Normal,12,3.916666667,Nigeria,Medium Score,"Obio/Akpor,Rivers,Nigeria"
PU453,Lagos,Eti-Osa,Ward AR,2019,650,320,300,15,635,Eti-Osa-Lagos-2019,97.69230769,Normal,12,2.416666667,Nigeria,Medium Score,"Eti-Osa,Lagos,Nigeria"
PU459,Rivers,Obio/Akpor,Ward AX,2019,940,465,445,15,925,Obio/Akpor-Rivers-2019,98.40425532,Normal,12,3.916666667,Nigeria,Medium Score,"Obio/Akpor,Rivers,Nigeria"
PU461,Lagos,Eti-Osa,Ward AS,2019,660,325,305,15,645,Eti-Osa-Lagos-2019,97.72727273,Normal,12,2.416666667,Nigeria,Medium Score,"Eti-Osa,Lagos,Nigeria"
PU467,Rivers,Obio/Akpor,Ward AY,2019,950,470,450,15,935,Obio/Akpor-Rivers-2019,98.42105263,Normal,12,3.916666667,Nigeria,Medium Score,"Obio/Akpor,Rivers,Nigeria"
PU469,Lagos,Eti-Osa,Ward AT,2019,670,330,310,15,655,Eti-Osa-Lagos-2019,97.76119403,Normal,12,2.416666667,Nigeria,Medium Score,"Eti-Osa,Lagos,Nigeria"
PU475,Rivers,Obio/Akpor,Ward AZ,2019,960,475,455,15,945,Obio/Akpor-Rivers-2019,98.4375,Normal,12,3.916666667,Nigeria,Medium Score,"Obio/Akpor,Rivers,Nigeria"
PU477,Lagos,Eti-Osa,Ward AU,2019,680,335,315,15,665,Eti-Osa-Lagos-2019,97.79411765,Normal,12,2.416666667,Nigeria,Medium Score,"Eti-Osa,Lagos,Nigeria"
PU483,Rivers,Obio/Akpor,Ward BA,2019,970,480,460,15,955,Obio/Akpor-Rivers-2019,98.45360825,Normal,12,3.916666667,Nigeria,Medium Score,"Obio/Akpor,Rivers,Nigeria"
PU485,Lagos,Eti-Osa,Ward AV,2019,690,340,320,15,675,Eti-Osa-Lagos-2019,97.82608696,Normal,12,2.416666667,Nigeria,Medium Score,"Eti-Osa,Lagos,Nigeria"
PU491,Rivers,Obio/Akpor,Ward BB,2019,980,485,465,15,965,Obio/Akpor-Rivers-2019,98.46938776,Normal,12,3.916666667,Nigeria,Medium Score,"Obio/Akpor,Rivers,Nigeria"
PU493,Lagos,Eti-Osa,Ward AW,2019,700,345,325,15,685,Eti-Osa-Lagos-2019,97.85714286,Normal,12,2.416666667,Nigeria,Medium Score,"Eti-Osa,Lagos,Nigeria"
PU499,Rivers,Obio/Akpor,Ward BC,2019,990,490,470,15,975,Obio/Akpor-Rivers-2019,98.48484848,Normal,12,3.916666667,Nigeria,Medium Score,"Obio/Akpor,Rivers,Nigeria"
PU603,Rivers,Obio/Akpor,Ward BQ,2019,890,440,420,15,875,Obio/Akpor-Rivers-2019,98.31460674,Normal,12,3.916666667,Nigeria,Medium Score,"Obio/Akpor,Rivers,Nigeria"
PU605,Lagos,Eti-Osa,Ward BJ,2019,600,290,270,15,575,Eti-Osa-Lagos-2019,95.83333333,Normal,12,2.416666667,Nigeria,Medium Score,"Eti-Osa,Lagos,Nigeria"
PU611,Rivers,Obio/Akpor,Ward BR,2019,900,445,425,15,885,Obio/Akpor-Rivers-2019,98.33333333,Normal,12,3.916666667,Nigeria,Medium Score,"Obio/Akpor,Rivers,Nigeria"
PU613,Lagos,Eti-Osa,Ward BK,2019,610,295,275,15,585,Eti-Osa-Lagos-2019,95.90163934,Normal,12,2.416666667,Nigeria,Medium Score,"Eti-Osa,Lagos,Nigeria"
PU619,Rivers,Obio/Akpor,Ward BS,2019,910,450,430,15,895,Obio/Akpor-Rivers-2019,98.35164835,Normal,12,3.916666667,Nigeria,Medium Score,"Obio/Akpor,Rivers,Nigeria"
PU621,Lagos,Eti-Osa,Ward BL,2019,620,300,280,15,595,Eti-Osa-Lagos-2019,95.96774194,Normal,12,2.416666667,Nigeria,Medium Score,"Eti-Osa,Lagos,Nigeria"
PU627,Rivers,Obio/Akpor,Ward BT,2019,920,455,435,15,905,Obio/Akpor-Rivers-2019,98.36956522,Normal,12,3.916666667,Nigeria,Medium Score,"Obio/Akpor,Rivers,Nigeria"
PU629,Lagos,Eti-Osa,Ward BM,2019,630,305,285,15,605,Eti-Osa-Lagos-2019,96.03174603,Normal,12,2.416666667,Nigeria,Medium Score,"Eti-Osa,Lagos,Nigeria"
PU635,Rivers,Obio/Akpor,Ward BU,2019,930,460,440,15,915,Obio/Akpor-Rivers-2019,98.38709677,Normal,12,3.916666667,Nigeria,Medium Score,"Obio/Akpor,Rivers,Nigeria"
PU637,Lagos,Eti-Osa,Ward BN,2019,640,310,290,15,615,Eti-Osa-Lagos-2019,96.09375,Normal,12,2.416666667,Nigeria,Medium Score,"Eti-Osa,Lagos,Nigeria"
PU643,Rivers,Obio/Akpor,Ward BV,2019,940,465,445,15,925,Obio/Akpor-Rivers-2019,98.40425532,Normal,12,3.916666667,Nigeria,Medium Score,"Obio/Akpor,Rivers,Nigeria"
PU645,Lagos,Eti-Osa,Ward BO,2019,650,315,295,15,625,Eti-Osa-Lagos-2019,96.15384615,Normal,12,2.416666667,Nigeria,Medium Score,"Eti-Osa,Lagos,Nigeria"
PU651,Rivers,Obio/Akpor,Ward BW,2019,950,470,450,15,935,Obio/Akpor-Rivers-2019,98.42105263,Normal,12,3.916666667,Nigeria,Medium Score,"Obio/Akpor,Rivers,Nigeria"
PU653,Lagos,Eti-Osa,Ward BP,2019,660,320,300,15,635,Eti-Osa-Lagos-2019,96.21212121,Normal,12,2.416666667,Nigeria,Medium Score,"Eti-Osa,Lagos,Nigeria"
PU659,Rivers,Obio/Akpor,Ward BX,2019,960,475,455,15,945,Obio/Akpor-Rivers-2019,98.4375,Normal,12,3.916666667,Nigeria,Medium Score,"Obio/Akpor,Rivers,Nigeria"
PU661,Lagos,Eti-Osa,Ward BQ,2019,670,325,305,15,645,Eti-Osa-Lagos-2019,96.26865672,Normal,12,2.416666667,Nigeria,Medium Score,"Eti-Osa,Lagos,Nigeria"
PU667,Rivers,Obio/Akpor,Ward BY,2019,970,480,460,15,955,Obio/Akpor-Rivers-2019,98.45360825,Normal,12,3.916666667,Nigeria,Medium Score,"Obio/Akpor,Rivers,Nigeria"
PU669,Lagos,Eti-Osa,Ward BR,2019,680,330,310,15,655,Eti-Osa-Lagos-2019,96.32352941,Normal,12,2.416666667,Nigeria,Medium Score,"Eti-Osa,Lagos,Nigeria"
PU675,Rivers,Obio/Akpor,Ward BZ,2019,980,485,465,15,965,Obio/Akpor-Rivers-2019,98.46938776,Normal,12,3.916666667,Nigeria,Medium Score,"Obio/Akpor,Rivers,Nigeria"
PU677,Lagos,Eti-Osa,Ward BS,2019,690,335,315,15,665,Eti-Osa-Lagos-2019,96.37681159,Normal,12,2.416666667,Nigeria,Medium Score,"Eti-Osa,Lagos,Nigeria"
PU683,Rivers,Obio/Akpor,Ward CA,2019,990,490,470,15,975,Obio/Akpor-Rivers-2019,98.48484848,Normal,12,3.916666667,Nigeria,Medium Score,"Obio/Akpor,Rivers,Nigeria"
PU685,Lagos,Eti-Osa,Ward BT,2019,700,340,320,15,675,Eti-Osa-Lagos-2019,96.42857143,Normal,12,2.416666667,Nigeria,Medium Score,"Eti-Osa,Lagos,Nigeria"
PU691,Rivers,Obio/Akpor,Ward CB,2019,1000,495,475,15,985,Obio/Akpor-Rivers-2019,98.5,Normal,12,3.916666667,Nigeria,Medium Score,"Obio/Akpor,Rivers,Nigeria"
PU693,Lagos,Eti-Osa,Ward BU,2019,710,345,325,15,685,Eti-Osa-Lagos-2019,96.47887324,Normal,12,2.416666667,Nigeria,Medium Score,"Eti-Osa,Lagos,Nigeria"
PU699,Rivers,Obio/Akpor,Ward CC,2019,1010,500,480,15,995,Obio/Akpor-Rivers-2019,98.51485149,Normal,12,3.916666667,Nigeria,Medium Score,"Obio/Akpor,Rivers,Nigeria"
PU803,Rivers,Obio/Akpor,Ward CQ,2019,890,440,420,15,875,Obio/Akpor-Rivers-2019,98.31460674,Normal,12,3.916666667,Nigeria,Medium Score,"Obio/Akpor,Rivers,Nigeria"
PU805,Lagos,Eti-Osa,Ward CH,2019,600,290,270,15,575,Eti-Osa-Lagos-2019,95.83333333,Normal,12,2.416666667,Nigeria,Medium Score,"Eti-Osa,Lagos,Nigeria"
PU811,Rivers,Obio/Akpor,Ward CR,2019,900,445,425,15,885,Obio/Akpor-Rivers-2019,98.33333333,Normal,12,3.916666667,Nigeria,Medium Score,"Obio/Akpor,Rivers,Nigeria"
PU813,Lagos,Eti-Osa,Ward CI,2019,610,295,275,15,585,Eti-Osa-Lagos-2019,95.90163934,Normal,12,2.416666667,Nigeria,Medium Score,"Eti-Osa,Lagos,Nigeria"
PU819,Rivers,Obio/Akpor,Ward CS,2019,910,450,430,15,895,Obio/Akpor-Rivers-2019,98.35164835,Normal,12,3.916666667,Nigeria,Medium Score,"Obio/Akpor,Rivers,Nigeria"
PU821,Lagos,Eti-Osa,Ward CJ,2019,620,300,280,15,595,Eti-Osa-Lagos-2019,95.96774194,Normal,12,2.416666667,Nigeria,Medium Score,"Eti-Osa,Lagos,Nigeria"
PU827,Rivers,Obio/Akpor,Ward CT,2019,920,455,435,15,905,Obio/Akpor-Rivers-2019,98.36956522,Normal,12,3.916666667,Nigeria,Medium Score,"Obio/Akpor,Rivers,Nigeria"
PU829,Lagos,Eti-Osa,Ward CK,2019,630,305,285,15,605,Eti-Osa-Lagos-2019,96.03174603,Normal,12,2.416666667,Nigeria,Medium Score,"Eti-Osa,Lagos,Nigeria"
PU835,Rivers,Obio/Akpor,Ward CU,2019,930,460,440,15,915,Obio/Akpor-Rivers-2019,98.38709677,Normal,12,3.916666667,Nigeria,Medium Score,"Obio/Akpor,Rivers,Nigeria"
PU837,Lagos,Eti-Osa,Ward CL,2019,640,310,290,15,615,Eti-Osa-Lagos-2019,96.09375,Normal,12,2.416666667,Nigeria,Medium Score,"Eti-Osa,Lagos,Nigeria"
PU843,Rivers,Obio/Akpor,Ward CV,2019,940,465,445,15,925,Obio/Akpor-Rivers-2019,98.40425532,Normal,12,3.916666667,Nigeria,Medium Score,"Obio/Akpor,Rivers,Nigeria"
PU845,Lagos,Eti-Osa,Ward CM,2019,650,315,295,15,625,Eti-Osa-Lagos-2019,96.15384615,Normal,12,2.416666667,Nigeria,Medium Score,"Eti-Osa,Lagos,Nigeria"
PU851,Rivers,Obio/Akpor,Ward CW,2019,950,470,450,15,935,Obio/Akpor-Rivers-2019,98.42105263,Normal,12,3.916666667,Nigeria,Medium Score,"Obio/Akpor,Rivers,Nigeria"
PU853,Lagos,Eti-Osa,Ward CN,2019,660,320,300,15,635,Eti-Osa-Lagos-2019,96.21212121,Normal,12,2.416666667,Nigeria,Medium Score,"Eti-Osa,Lagos,Nigeria"
PU859,Rivers,Obio/Akpor,Ward CX,2019,960,475,455,15,945,Obio/Akpor-Rivers-2019,98.4375,Normal,12,3.916666667,Nigeria,Medium Score,"Obio/Akpor,Rivers,Nigeria"
PU861,Lagos,Eti-Osa,Ward CO,2019,670,325,305,15,645,Eti-Osa-Lagos-2019,96.26865672,Normal,12,2.416666667,Nigeria,Medium Score,"Eti-Osa,Lagos,Nigeria"
PU867,Rivers,Obio/Akpor,Ward CY,2019,970,480,460,15,955,Obio/Akpor-Rivers-2019,98.45360825,Normal,12,3.916666667,Nigeria,Medium Score,"Obio/Akpor,Rivers,Nigeria"
PU869,Lagos,Eti-Osa,Ward CP,2019,680,330,310,15,655,Eti-Osa-Lagos-2019,96.32352941,Normal,12,2.416666667,Nigeria,Medium Score,"Eti-Osa,Lagos,Nigeria"
PU875,Rivers,Obio/Akpor,Ward CZ,2019,980,485,465,15,965,Obio/Akpor-Rivers-2019,98.46938776,Normal,12,3.916666667,Nigeria,Medium Score,"Obio/Akpor,Rivers,Nigeria"
PU877,Lagos,Eti-Osa,Ward CQ,2019,690,335,315,15,665,Eti-Osa-Lagos-2019,96.37681159,Normal,12,2.416666667,Nigeria,Medium Score,"Eti-Osa,Lagos,Nigeria"
PU883,Rivers,Obio/Akpor,Ward DA,2019,990,490,470,15,975,Obio/Akpor-Rivers-2019,98.48484848,Normal,12,3.916666667,Nigeria,Medium Score,"Obio/Akpor,Rivers,Nigeria"
PU885,Lagos,Eti-Osa,Ward CR,2019,700,340,320,15,675,Eti-Osa-Lagos-2019,96.42857143,Normal,12,2.416666667,Nigeria,Medium Score,"Eti-Osa,Lagos,Nigeria"
PU891,Rivers,Obio/Akpor,Ward DB,2019,1000,495,475,15,985,Obio/Akpor-Rivers-2019,98.5,Normal,12,3.916666667,Nigeria,Medium Score,"Obio/Akpor,Rivers,Nigeria"
PU893,Lagos,Eti-Osa,Ward CS,2019,710,345,325,15,685,Eti-Osa-Lagos-2019,96.47887324,Normal,12,2.416666667,Nigeria,Medium Score,"Eti-Osa,Lagos,Nigeria"
PU899,Rivers,Obio/Akpor,Ward DC,2019,1010,500,480,15,995,Obio/Akpor-Rivers-2019,98.51485149,Normal,12,3.916666667,Nigeria,Medium Score,"Obio/Akpor,Rivers,Nigeria"
PU029,Lagos,Surulere,Ward C,2019,540,270,250,15,535,Surulere-Lagos-2019,99.07407407,Normal,14,3.785714286,Nigeria,Medium Score,"Surulere,Lagos,Nigeria"
PU053,Lagos,Surulere,Ward F,2019,550,275,255,15,545,Surulere-Lagos-2019,99.09090909,Normal,14,3.785714286,Nigeria,Medium Score,"Surulere,Lagos,Nigeria"
PU301,Lagos,Surulere,Ward Y,2019,530,260,240,15,525,Surulere-Lagos-2019,99.05660377,Normal,14,3.785714286,Nigeria,Medium Score,"Surulere,Lagos,Nigeria"
PU309,Lagos,Surulere,Ward Z,2019,560,280,260,15,555,Surulere-Lagos-2019,99.10714286,Normal,14,3.785714286,Nigeria,Medium Score,"Surulere,Lagos,Nigeria"
PU317,Lagos,Surulere,Ward AB,2019,570,285,265,15,565,Surulere-Lagos-2019,99.12280702,Normal,14,3.785714286,Nigeria,Medium Score,"Surulere,Lagos,Nigeria"
PU325,Lagos,Surulere,Ward AC,2019,580,290,270,15,575,Surulere-Lagos-2019,99.13793103,Normal,14,3.785714286,Nigeria,Medium Score,"Surulere,Lagos,Nigeria"
PU333,Lagos,Surulere,Ward AD,2019,590,295,275,15,585,Surulere-Lagos-2019,99.15254237,Normal,14,3.785714286,Nigeria,Medium Score,"Surulere,Lagos,Nigeria"
PU341,Lagos,Surulere,Ward AE,2019,600,300,280,15,595,Surulere-Lagos-2019,99.16666667,Normal,14,3.785714286,Nigeria,Medium Score,"Surulere,Lagos,Nigeria"
PU349,Lagos,Surulere,Ward AF,2019,610,305,285,15,605,Surulere-Lagos-2019,99.18032787,Normal,14,3.785714286,Nigeria,Medium Score,"Surulere,Lagos,Nigeria"
PU357,Lagos,Surulere,Ward AG,2019,620,310,290,15,615,Surulere-Lagos-2019,99.19354839,Normal,14,3.785714286,Nigeria,Medium Score,"Surulere,Lagos,Nigeria"
PU365,Lagos,Surulere,Ward AH,2019,630,315,295,15,625,Surulere-Lagos-2019,99.20634921,Normal,14,3.785714286,Nigeria,Medium Score,"Surulere,Lagos,Nigeria"
PU373,Lagos,Surulere,Ward AI,2019,640,320,300,15,635,Surulere-Lagos-2019,99.21875,Normal,14,3.785714286,Nigeria,Medium Score,"Surulere,Lagos,Nigeria"
PU381,Lagos,Surulere,Ward AJ,2019,650,325,305,15,645,Surulere-Lagos-2019,99.23076923,Normal,14,3.785714286,Nigeria,Medium Score,"Surulere,Lagos,Nigeria"
PU389,Lagos,Surulere,Ward AK,2019,660,330,310,15,655,Surulere-Lagos-2019,99.24242424,Normal,14,3.785714286,Nigeria,Medium Score,"Surulere,Lagos,Nigeria"
PU397,Lagos,Surulere,Ward AL,2019,670,335,315,15,665,Surulere-Lagos-2019,99.25373134,Normal,14,3.785714286,Nigeria,Medium Score,"Surulere,Lagos,Nigeria"
PU402,Kano,Nassarawa,Ward AM,2019,800,400,375,15,790,Nassarawa-Kano-2019,98.75,Normal,14,3.785714286,Nigeria,Medium Score,"Nassarawa,Kano,Nigeria"
PU410,Kano,Nassarawa,Ward AN,2019,810,405,380,15,800,Nassarawa-Kano-2019,98.7654321,Normal,14,3.785714286,Nigeria,Medium Score,"Nassarawa,Kano,Nigeria"
PU418,Kano,Nassarawa,Ward AO,2019,820,410,385,15,810,Nassarawa-Kano-2019,98.7804878,Normal,14,3.785714286,Nigeria,Medium Score,"Nassarawa,Kano,Nigeria"
PU426,Kano,Nassarawa,Ward AP,2019,830,415,390,15,820,Nassarawa-Kano-2019,98.79518072,Normal,14,3.785714286,Nigeria,Medium Score,"Nassarawa,Kano,Nigeria"
PU434,Kano,Nassarawa,Ward AQ,2019,840,420,395,15,830,Nassarawa-Kano-2019,98.80952381,Normal,14,3.785714286,Nigeria,Medium Score,"Nassarawa,Kano,Nigeria"
PU442,Kano,Nassarawa,Ward AR,2019,850,425,400,15,840,Nassarawa-Kano-2019,98.82352941,Normal,14,3.785714286,Nigeria,Medium Score,"Nassarawa,Kano,Nigeria"
PU450,Kano,Nassarawa,Ward AS,2019,860,430,405,15,850,Nassarawa-Kano-2019,98.8372093,Normal,14,3.785714286,Nigeria,Medium Score,"Nassarawa,Kano,Nigeria"
PU458,Kano,Nassarawa,Ward AT,2019,870,435,410,15,860,Nassarawa-Kano-2019,98.85057471,Normal,14,3.785714286,Nigeria,Medium Score,"Nassarawa,Kano,Nigeria"
PU466,Kano,Nassarawa,Ward AU,2019,880,440,415,15,870,Nassarawa-Kano-2019,98.86363636,Normal,14,3.785714286,Nigeria,Medium Score,"Nassarawa,Kano,Nigeria"
PU474,Kano,Nassarawa,Ward AV,2019,890,445,420,15,880,Nassarawa-Kano-2019,98.87640449,Normal,14,3.785714286,Nigeria,Medium Score,"Nassarawa,Kano,Nigeria"
PU482,Kano,Nassarawa,Ward AW,2019,900,450,425,15,890,Nassarawa-Kano-2019,98.88888889,Normal,14,3.785714286,Nigeria,Medium Score,"Nassarawa,Kano,Nigeria"
PU490,Kano,Nassarawa,Ward AX,2019,910,455,430,15,900,Nassarawa-Kano-2019,98.9010989,Normal,14,3.785714286,Nigeria,Medium Score,"Nassarawa,Kano,Nigeria"
PU498,Kano,Nassarawa,Ward AY,2019,920,460,435,15,910,Nassarawa-Kano-2019,98.91304348,Normal,14,3.785714286,Nigeria,Medium Score,"Nassarawa,Kano,Nigeria"
PU501,Lagos,Surulere,Ward AZ,2023,640,310,290,15,615,Surulere-Lagos-2023,96.09375,Normal,13,4.692307692,Nigeria,Medium Score,"Surulere,Lagos,Nigeria"
PU509,Lagos,Surulere,Ward BA,2023,650,315,295,15,630,Surulere-Lagos-2023,96.92307692,Normal,13,4.692307692,Nigeria,Medium Score,"Surulere,Lagos,Nigeria"
PU517,Lagos,Surulere,Ward BB,2023,660,320,300,15,640,Surulere-Lagos-2023,96.96969697,Normal,13,4.692307692,Nigeria,Medium Score,"Surulere,Lagos,Nigeria"
PU525,Lagos,Surulere,Ward BC,2023,670,325,305,15,650,Surulere-Lagos-2023,97.01492537,Normal,13,4.692307692,Nigeria,Medium Score,"Surulere,Lagos,Nigeria"
PU533,Lagos,Surulere,Ward BD,2023,680,330,310,15,660,Surulere-Lagos-2023,97.05882353,Normal,13,4.692307692,Nigeria,Medium Score,"Surulere,Lagos,Nigeria"
PU541,Lagos,Surulere,Ward BE,2023,690,335,315,15,670,Surulere-Lagos-2023,97.10144928,Normal,13,4.692307692,Nigeria,Medium Score,"Surulere,Lagos,Nigeria"
PU549,Lagos,Surulere,Ward BF,2023,700,340,320,15,680,Surulere-Lagos-2023,97.14285714,Normal,13,4.692307692,Nigeria,Medium Score,"Surulere,Lagos,Nigeria"
PU557,Lagos,Surulere,Ward BG,2023,710,345,325,15,690,Surulere-Lagos-2023,97.18309859,Normal,13,4.692307692,Nigeria,Medium Score,"Surulere,Lagos,Nigeria"
PU565,Lagos,Surulere,Ward BH,2023,720,350,330,15,700,Surulere-Lagos-2023,97.22222222,Normal,13,4.692307692,Nigeria,Medium Score,"Surulere,Lagos,Nigeria"
PU573,Lagos,Surulere,Ward BI,2023,730,355,335,15,710,Surulere-Lagos-2023,97.26027397,Normal,13,4.692307692,Nigeria,Medium Score,"Surulere,Lagos,Nigeria"
PU581,Lagos,Surulere,Ward BJ,2023,740,360,340,15,720,Surulere-Lagos-2023,97.2972973,Normal,13,4.692307692,Nigeria,Medium Score,"Surulere,Lagos,Nigeria"
PU589,Lagos,Surulere,Ward BK,2023,750,365,345,15,730,Surulere-Lagos-2023,97.33333333,Normal,13,4.692307692,Nigeria,Medium Score,"Surulere,Lagos,Nigeria"
PU597,Lagos,Surulere,Ward BL,2023,760,370,350,15,740,Surulere-Lagos-2023,97.36842105,Normal,13,4.692307692,Nigeria,Medium Score,"Surulere,Lagos,Nigeria"
PU602,Kano,Nassarawa,Ward BM,2019,800,390,370,15,775,Nassarawa-Kano-2019,96.875,Normal,14,3.785714286,Nigeria,Medium Score,"Nassarawa,Kano,Nigeria"
PU610,Kano,Nassarawa,Ward BN,2019,810,395,375,15,785,Nassarawa-Kano-2019,96.91358025,Normal,14,3.785714286,Nigeria,Medium Score,"Nassarawa,Kano,Nigeria"
PU618,Kano,Nassarawa,Ward BO,2019,820,400,380,15,795,Nassarawa-Kano-2019,96.95121951,Normal,14,3.785714286,Nigeria,Medium Score,"Nassarawa,Kano,Nigeria"
PU626,Kano,Nassarawa,Ward BP,2019,830,405,385,15,805,Nassarawa-Kano-2019,96.98795181,Normal,14,3.785714286,Nigeria,Medium Score,"Nassarawa,Kano,Nigeria"
PU634,Kano,Nassarawa,Ward BQ,2019,840,410,390,15,815,Nassarawa-Kano-2019,97.02380952,Normal,14,3.785714286,Nigeria,Medium Score,"Nassarawa,Kano,Nigeria"
PU642,Kano,Nassarawa,Ward BR,2019,850,415,395,15,825,Nassarawa-Kano-2019,97.05882353,Normal,14,3.785714286,Nigeria,Medium Score,"Nassarawa,Kano,Nigeria"
PU650,Kano,Nassarawa,Ward BS,2019,860,420,400,15,835,Nassarawa-Kano-2019,97.09302326,Normal,14,3.785714286,Nigeria,Medium Score,"Nassarawa,Kano,Nigeria"
PU658,Kano,Nassarawa,Ward BT,2019,870,425,405,15,845,Nassarawa-Kano-2019,97.12643678,Normal,14,3.785714286,Nigeria,Medium Score,"Nassarawa,Kano,Nigeria"
PU666,Kano,Nassarawa,Ward BU,2019,880,430,410,15,855,Nassarawa-Kano-2019,97.15909091,Normal,14,3.785714286,Nigeria,Medium Score,"Nassarawa,Kano,Nigeria"
PU674,Kano,Nassarawa,Ward BV,2019,890,435,415,15,865,Nassarawa-Kano-2019,97.19101124,Normal,14,3.785714286,Nigeria,Medium Score,"Nassarawa,Kano,Nigeria"
PU682,Kano,Nassarawa,Ward BW,2019,900,440,420,15,875,Nassarawa-Kano-2019,97.22222222,Normal,14,3.785714286,Nigeria,Medium Score,"Nassarawa,Kano,Nigeria"
PU690,Kano,Nassarawa,Ward BX,2019,910,445,425,15,885,Nassarawa-Kano-2019,97.25274725,Normal,14,3.785714286,Nigeria,Medium Score,"Nassarawa,Kano,Nigeria"
PU698,Kano,Nassarawa,Ward BY,2019,920,450,430,15,895,Nassarawa-Kano-2019,97.2826087,Normal,14,3.785714286,Nigeria,Medium Score,"Nassarawa,Kano,Nigeria"
PU702,Kano,Nassarawa,Ward BZ,2023,930,455,435,15,905,Nassarawa-Kano-2023,97.31182796,Normal,13,4.769230769,Nigeria,Medium Score,"Nassarawa,Kano,Nigeria"
PU710,Kano,Nassarawa,Ward CA,2023,940,460,440,15,915,Nassarawa-Kano-2023,97.34042553,Normal,13,4.769230769,Nigeria,Medium Score,"Nassarawa,Kano,Nigeria"
PU718,Kano,Nassarawa,Ward CB,2023,950,465,445,15,925,Nassarawa-Kano-2023,97.36842105,Normal,13,4.769230769,Nigeria,Medium Score,"Nassarawa,Kano,Nigeria"
PU726,Kano,Nassarawa,Ward CC,2023,960,470,450,15,935,Nassarawa-Kano-2023,97.39583333,Normal,13,4.769230769,Nigeria,Medium Score,"Nassarawa,Kano,Nigeria"
PU734,Kano,Nassarawa,Ward CD,2023,970,475,455,15,945,Nassarawa-Kano-2023,97.42268041,Normal,13,4.769230769,Nigeria,Medium Score,"Nassarawa,Kano,Nigeria"
PU742,Kano,Nassarawa,Ward CE,2023,980,480,460,15,955,Nassarawa-Kano-2023,97.44897959,Normal,13,4.769230769,Nigeria,Medium Score,"Nassarawa,Kano,Nigeria"
PU750,Kano,Nassarawa,Ward CF,2023,990,485,465,15,965,Nassarawa-Kano-2023,97.47474747,Normal,13,4.769230769,Nigeria,Medium Score,"Nassarawa,Kano,Nigeria"
PU758,Kano,Nassarawa,Ward CG,2023,1000,490,470,15,975,Nassarawa-Kano-2023,97.5,Normal,13,4.769230769,Nigeria,Medium Score,"Nassarawa,Kano,Nigeria"
PU766,Kano,Nassarawa,Ward CH,2023,1010,495,475,15,985,Nassarawa-Kano-2023,97.52475248,Normal,13,4.769230769,Nigeria,Medium Score,"Nassarawa,Kano,Nigeria"
PU774,Kano,Nassarawa,Ward CI,2023,1020,500,480,15,995,Nassarawa-Kano-2023,97.54901961,Normal,13,4.769230769,Nigeria,Medium Score,"Nassarawa,Kano,Nigeria"
PU782,Kano,Nassarawa,Ward CJ,2023,1030,505,485,15,1005,Nassarawa-Kano-2023,97.57281553,Normal,13,4.769230769,Nigeria,Medium Score,"Nassarawa,Kano,Nigeria"
PU790,Kano,Nassarawa,Ward CK,2023,1040,510,490,15,1015,Nassarawa-Kano-2023,97.59615385,Normal,13,4.769230769,Nigeria,Medium Score,"Nassarawa,Kano,Nigeria"
PU798,Kano,Nassarawa,Ward CL,2023,1050,515,495,15,1025,Nassarawa-Kano-2023,97.61904762,Normal,13,4.769230769,Nigeria,Medium Score,"Nassarawa,Kano,Nigeria"
PU802,Kano,Nassarawa,Ward CM,2019,800,390,370,15,775,Nassarawa-Kano-2019,96.875,Normal,14,3.785714286,Nigeria,Medium Score,"Nassarawa,Kano,Nigeria"
PU810,Kano,Nassarawa,Ward CN,2019,810,395,375,15,785,Nassarawa-Kano-2019,96.91358025,Normal,14,3.785714286,Nigeria,Medium Score,"Nassarawa,Kano,Nigeria"
PU818,Kano,Nassarawa,Ward CO,2019,820,400,380,15,795,Nassarawa-Kano-2019,96.95121951,Normal,14,3.785714286,Nigeria,Medium Score,"Nassarawa,Kano,Nigeria"
PU826,Kano,Nassarawa,Ward CP,2019,830,405,385,15,805,Nassarawa-Kano-2019,96.98795181,Normal,14,3.785714286,Nigeria,Medium Score,"Nassarawa,Kano,Nigeria"
PU834,Kano,Nassarawa,Ward CQ,2019,840,410,390,15,815,Nassarawa-Kano-2019,97.02380952,Normal,14,3.785714286,Nigeria,Medium Score,"Nassarawa,Kano,Nigeria"
PU842,Kano,Nassarawa,Ward CR,2019,850,415,395,15,825,Nassarawa-Kano-2019,97.05882353,Normal,14,3.785714286,Nigeria,Medium Score,"Nassarawa,Kano,Nigeria"
PU850,Kano,Nassarawa,Ward CS,2019,860,420,400,15,835,Nassarawa-Kano-2019,97.09302326,Normal,14,3.785714286,Nigeria,Medium Score,"Nassarawa,Kano,Nigeria"
PU858,Kano,Nassarawa,Ward CT,2019,870,425,405,15,845,Nassarawa-Kano-2019,97.12643678,Normal,14,3.785714286,Nigeria,Medium Score,"Nassarawa,Kano,Nigeria"
PU866,Kano,Nassarawa,Ward CU,2019,880,430,410,15,855,Nassarawa-Kano-2019,97.15909091,Normal,14,3.785714286,Nigeria,Medium Score,"Nassarawa,Kano,Nigeria"
PU874,Kano,Nassarawa,Ward CV,2019,890,435,415,15,865,Nassarawa-Kano-2019,97.19101124,Normal,14,3.785714286,Nigeria,Medium Score,"Nassarawa,Kano,Nigeria"
PU882,Kano,Nassarawa,Ward CW,2019,900,440,420,15,875,Nassarawa-Kano-2019,97.22222222,Normal,14,3.785714286,Nigeria,Medium Score,"Nassarawa,Kano,Nigeria"
PU890,Kano,Nassarawa,Ward CX,2019,910,445,425,15,885,Nassarawa-Kano-2019,97.25274725,Normal,14,3.785714286,Nigeria,Medium Score,"Nassarawa,Kano,Nigeria"
PU898,Kano,Nassarawa,Ward CY,2019,920,450,430,15,895,Nassarawa-Kano-2019,97.2826087,Normal,14,3.785714286,Nigeria,Medium Score,"Nassarawa,Kano,Nigeria"
PU902,Kano,Nassarawa,Ward CZ,2023,930,455,435,15,905,Nassarawa-Kano-2023,97.31182796,Normal,13,4.769230769,Nigeria,Medium Score,"Nassarawa,Kano,Nigeria"
PU910,Kano,Nassarawa,Ward DA,2023,940,460,440,15,915,Nassarawa-Kano-2023,97.34042553,Normal,13,4.769230769,Nigeria,Medium Score,"Nassarawa,Kano,Nigeria"
PU918,Kano,Nassarawa,Ward DB,2023,950,465,445,15,925,Nassarawa-Kano-2023,97.36842105,Normal,13,4.769230769,Nigeria,Medium Score,"Nassarawa,Kano,Nigeria"
PU926,Kano,Nassarawa,Ward DC,2023,960,470,450,15,935,Nassarawa-Kano-2023,97.39583333,Normal,13,4.769230769,Nigeria,Medium Score,"Nassarawa,Kano,Nigeria"
PU934,Kano,Nassarawa,Ward DD,2023,970,475,455,15,945,Nassarawa-Kano-2023,97.42268041,Normal,13,4.769230769,Nigeria,Medium Score,"Nassarawa,Kano,Nigeria"
PU942,Kano,Nassarawa,Ward DE,2023,980,480,460,15,955,Nassarawa-Kano-2023,97.44897959,Normal,13,4.769230769,Nigeria,Medium Score,"Nassarawa,Kano,Nigeria"
PU950,Kano,Nassarawa,Ward DF,2023,990,485,465,15,965,Nassarawa-Kano-2023,97.47474747,Normal,13,4.769230769,Nigeria,Medium Score,"Nassarawa,Kano,Nigeria"
PU958,Kano,Nassarawa,Ward DG,2023,1000,490,470,15,975,Nassarawa-Kano-2023,97.5,Normal,13,4.769230769,Nigeria,Medium Score,"Nassarawa,Kano,Nigeria"
PU966,Kano,Nassarawa,Ward DH,2023,1010,495,475,15,985,Nassarawa-Kano-2023,97.52475248,Normal,13,4.769230769,Nigeria,Medium Score,"Nassarawa,Kano,Nigeria"
PU974,Kano,Nassarawa,Ward DI,2023,1020,500,480,15,995,Nassarawa-Kano-2023,97.54901961,Normal,13,4.769230769,Nigeria,Medium Score,"Nassarawa,Kano,Nigeria"
PU982,Kano,Nassarawa,Ward DJ,2023,1030,505,485,15,1005,Nassarawa-Kano-2023,97.57281553,Normal,13,4.769230769,Nigeria,Medium Score,"Nassarawa,Kano,Nigeria"
PU990,Kano,Nassarawa,Ward DK,2023,1040,510,490,15,1015,Nassarawa-Kano-2023,97.59615385,Normal,13,4.769230769,Nigeria,Medium Score,"Nassarawa,Kano,Nigeria"
PU998,Kano,Nassarawa,Ward DL,2023,1050,515,495,15,1025,Nassarawa-Kano-2023,97.61904762,Normal,13,4.769230769,Nigeria,Medium Score,"Nassarawa,Kano,Nigeria"
PU037,Lagos,Surulere,Ward D,2019,520,255,240,20,515,Surulere-Lagos-2019,99.03846154,Normal,14,3.785714286,Nigeria,Medium Score,"Surulere,Lagos,Nigeria"
PU045,Lagos,Surulere,Ward E,2019,560,280,260,20,555,Surulere-Lagos-2019,99.10714286,Normal,14,3.785714286,Nigeria,Medium Score,"Surulere,Lagos,Nigeria"
PU061,Lagos,Surulere,Ward G,2019,570,285,265,20,565,Surulere-Lagos-2019,99.12280702,Normal,14,3.785714286,Nigeria,Medium Score,"Surulere,Lagos,Nigeria"
PU069,Lagos,Surulere,Ward H,2019,590,295,275,20,585,Surulere-Lagos-2019,99.15254237,Normal,14,3.785714286,Nigeria,Medium Score,"Surulere,Lagos,Nigeria"
PU077,Lagos,Surulere,Ward I,2019,600,300,280,20,595,Surulere-Lagos-2019,99.16666667,Normal,14,3.785714286,Nigeria,Medium Score,"Surulere,Lagos,Nigeria"
PU085,Lagos,Surulere,Ward J,2019,610,305,285,20,605,Surulere-Lagos-2019,99.18032787,Normal,14,3.785714286,Nigeria,Medium Score,"Surulere,Lagos,Nigeria"
PU093,Lagos,Surulere,Ward K,2019,620,310,290,20,615,Surulere-Lagos-2019,99.19354839,Normal,14,3.785714286,Nigeria,Medium Score,"Surulere,Lagos,Nigeria"
PU502,Kano,Nassarawa,Ward AZ,2023,930,460,440,20,910,Nassarawa-Kano-2023,97.84946237,Normal,13,4.769230769,Nigeria,Medium Score,"Nassarawa,Kano,Nigeria"
PU510,Kano,Nassarawa,Ward BA,2023,940,465,445,20,925,Nassarawa-Kano-2023,98.40425532,Normal,13,4.769230769,Nigeria,Medium Score,"Nassarawa,Kano,Nigeria"
PU518,Kano,Nassarawa,Ward BB,2023,950,470,450,20,935,Nassarawa-Kano-2023,98.42105263,Normal,13,4.769230769,Nigeria,Medium Score,"Nassarawa,Kano,Nigeria"
PU526,Kano,Nassarawa,Ward BC,2023,960,475,455,20,945,Nassarawa-Kano-2023,98.4375,Normal,13,4.769230769,Nigeria,Medium Score,"Nassarawa,Kano,Nigeria"
PU534,Kano,Nassarawa,Ward BD,2023,970,480,460,20,955,Nassarawa-Kano-2023,98.45360825,Normal,13,4.769230769,Nigeria,Medium Score,"Nassarawa,Kano,Nigeria"
PU542,Kano,Nassarawa,Ward BE,2023,980,485,465,20,965,Nassarawa-Kano-2023,98.46938776,Normal,13,4.769230769,Nigeria,Medium Score,"Nassarawa,Kano,Nigeria"
PU550,Kano,Nassarawa,Ward BF,2023,990,490,470,20,975,Nassarawa-Kano-2023,98.48484848,Normal,13,4.769230769,Nigeria,Medium Score,"Nassarawa,Kano,Nigeria"
PU558,Kano,Nassarawa,Ward BG,2023,1000,495,475,20,985,Nassarawa-Kano-2023,98.5,Normal,13,4.769230769,Nigeria,Medium Score,"Nassarawa,Kano,Nigeria"
PU566,Kano,Nassarawa,Ward BH,2023,1010,500,480,20,995,Nassarawa-Kano-2023,98.51485149,Normal,13,4.769230769,Nigeria,Medium Score,"Nassarawa,Kano,Nigeria"
PU574,Kano,Nassarawa,Ward BI,2023,1020,505,485,20,1005,Nassarawa-Kano-2023,98.52941176,Normal,13,4.769230769,Nigeria,Medium Score,"Nassarawa,Kano,Nigeria"
PU582,Kano,Nassarawa,Ward BJ,2023,1030,510,490,20,1015,Nassarawa-Kano-2023,98.54368932,Normal,13,4.769230769,Nigeria,Medium Score,"Nassarawa,Kano,Nigeria"
PU590,Kano,Nassarawa,Ward BK,2023,1040,515,495,20,1025,Nassarawa-Kano-2023,98.55769231,Normal,13,4.769230769,Nigeria,Medium Score,"Nassarawa,Kano,Nigeria"
PU598,Kano,Nassarawa,Ward BL,2023,1050,520,500,20,1035,Nassarawa-Kano-2023,98.57142857,Normal,13,4.769230769,Nigeria,Medium Score,"Nassarawa,Kano,Nigeria"
PU407,Rivers,Port Harcourt,Ward AM,2019,920,455,430,20,905,Port Harcourt-Rivers-2019,98.36956522,Normal,13,4.307692308,Nigeria,Medium Score,"Port Harcourt,Rivers,Nigeria"
PU415,Rivers,Port Harcourt,Ward AN,2019,930,460,435,20,915,Port Harcourt-Rivers-2019,98.38709677,Normal,13,4.307692308,Nigeria,Medium Score,"Port Harcourt,Rivers,Nigeria"
PU423,Rivers,Port Harcourt,Ward AO,2019,940,465,440,20,925,Port Harcourt-Rivers-2019,98.40425532,Normal,13,4.307692308,Nigeria,Medium Score,"Port Harcourt,Rivers,Nigeria"
PU431,Rivers,Port Harcourt,Ward AP,2019,950,470,445,20,935,Port Harcourt-Rivers-2019,98.42105263,Normal,13,4.307692308,Nigeria,Medium Score,"Port Harcourt,Rivers,Nigeria"
PU439,Rivers,Port Harcourt,Ward AQ,2019,960,475,450,20,945,Port Harcourt-Rivers-2019,98.4375,Normal,13,4.307692308,Nigeria,Medium Score,"Port Harcourt,Rivers,Nigeria"
PU447,Rivers,Port Harcourt,Ward AR,2019,970,480,455,20,955,Port Harcourt-Rivers-2019,98.45360825,Normal,13,4.307692308,Nigeria,Medium Score,"Port Harcourt,Rivers,Nigeria"
PU455,Rivers,Port Harcourt,Ward AS,2019,980,485,460,20,965,Port Harcourt-Rivers-2019,98.46938776,Normal,13,4.307692308,Nigeria,Medium Score,"Port Harcourt,Rivers,Nigeria"
PU463,Rivers,Port Harcourt,Ward AT,2019,990,490,465,20,975,Port Harcourt-Rivers-2019,98.48484848,Normal,13,4.307692308,Nigeria,Medium Score,"Port Harcourt,Rivers,Nigeria"
PU471,Rivers,Port Harcourt,Ward AU,2019,1000,495,470,20,985,Port Harcourt-Rivers-2019,98.5,Normal,13,4.307692308,Nigeria,Medium Score,"Port Harcourt,Rivers,Nigeria"
PU479,Rivers,Port Harcourt,Ward AV,2019,1010,500,475,20,995,Port Harcourt-Rivers-2019,98.51485149,Normal,13,4.307692308,Nigeria,Medium Score,"Port Harcourt,Rivers,Nigeria"
PU487,Rivers,Port Harcourt,Ward AW,2019,1020,505,480,20,1005,Port Harcourt-Rivers-2019,98.52941176,Normal,13,4.307692308,Nigeria,Medium Score,"Port Harcourt,Rivers,Nigeria"
PU495,Rivers,Port Harcourt,Ward AX,2019,1030,510,485,20,1015,Port Harcourt-Rivers-2019,98.54368932,Normal,13,4.307692308,Nigeria,Medium Score,"Port Harcourt,Rivers,Nigeria"
PU507,Rivers,Port Harcourt,Ward AY,2023,1040,515,490,20,1025,Port Harcourt-Rivers-2023,98.55769231,Normal,13,4.769230769,Nigeria,Medium Score,"Port Harcourt,Rivers,Nigeria"
PU515,Rivers,Port Harcourt,Ward AZ,2023,1050,520,495,20,1035,Port Harcourt-Rivers-2023,98.57142857,Normal,13,4.769230769,Nigeria,Medium Score,"Port Harcourt,Rivers,Nigeria"
PU523,Rivers,Port Harcourt,Ward BA,2023,1060,525,500,20,1045,Port Harcourt-Rivers-2023,98.58490566,Normal,13,4.769230769,Nigeria,Medium Score,"Port Harcourt,Rivers,Nigeria"
PU531,Rivers,Port Harcourt,Ward BB,2023,1070,530,505,20,1055,Port Harcourt-Rivers-2023,98.59813084,Normal,13,4.769230769,Nigeria,Medium Score,"Port Harcourt,Rivers,Nigeria"
PU539,Rivers,Port Harcourt,Ward BC,2023,1080,535,510,20,1065,Port Harcourt-Rivers-2023,98.61111111,Normal,13,4.769230769,Nigeria,Medium Score,"Port Harcourt,Rivers,Nigeria"
PU547,Rivers,Port Harcourt,Ward BD,2023,1090,540,515,20,1075,Port Harcourt-Rivers-2023,98.62385321,Normal,13,4.769230769,Nigeria,Medium Score,"Port Harcourt,Rivers,Nigeria"
PU555,Rivers,Port Harcourt,Ward BE,2023,1100,545,520,20,1085,Port Harcourt-Rivers-2023,98.63636364,Normal,13,4.769230769,Nigeria,Medium Score,"Port Harcourt,Rivers,Nigeria"
PU563,Rivers,Port Harcourt,Ward BF,2023,1110,550,525,20,1095,Port Harcourt-Rivers-2023,98.64864865,Normal,13,4.769230769,Nigeria,Medium Score,"Port Harcourt,Rivers,Nigeria"
PU571,Rivers,Port Harcourt,Ward BG,2023,1120,555,530,20,1105,Port Harcourt-Rivers-2023,98.66071429,Normal,13,4.769230769,Nigeria,Medium Score,"Port Harcourt,Rivers,Nigeria"
PU579,Rivers,Port Harcourt,Ward BH,2023,1130,560,535,20,1115,Port Harcourt-Rivers-2023,98.67256637,Normal,13,4.769230769,Nigeria,Medium Score,"Port Harcourt,Rivers,Nigeria"
PU587,Rivers,Port Harcourt,Ward BI,2023,1140,565,540,20,1125,Port Harcourt-Rivers-2023,98.68421053,Normal,13,4.769230769,Nigeria,Medium Score,"Port Harcourt,Rivers,Nigeria"
PU595,Rivers,Port Harcourt,Ward BJ,2023,1150,570,545,20,1135,Port Harcourt-Rivers-2023,98.69565217,Normal,13,4.769230769,Nigeria,Medium Score,"Port Harcourt,Rivers,Nigeria"
PU607,Rivers,Port Harcourt,Ward BK,2019,920,455,430,20,905,Port Harcourt-Rivers-2019,98.36956522,Normal,13,4.307692308,Nigeria,Medium Score,"Port Harcourt,Rivers,Nigeria"
PU615,Rivers,Port Harcourt,Ward BL,2019,930,460,435,20,915,Port Harcourt-Rivers-2019,98.38709677,Normal,13,4.307692308,Nigeria,Medium Score,"Port Harcourt,Rivers,Nigeria"
PU623,Rivers,Port Harcourt,Ward BM,2019,940,465,440,20,925,Port Harcourt-Rivers-2019,98.40425532,Normal,13,4.307692308,Nigeria,Medium Score,"Port Harcourt,Rivers,Nigeria"
PU631,Rivers,Port Harcourt,Ward BN,2019,950,470,445,20,935,Port Harcourt-Rivers-2019,98.42105263,Normal,13,4.307692308,Nigeria,Medium Score,"Port Harcourt,Rivers,Nigeria"
PU639,Rivers,Port Harcourt,Ward BO,2019,960,475,450,20,945,Port Harcourt-Rivers-2019,98.4375,Normal,13,4.307692308,Nigeria,Medium Score,"Port Harcourt,Rivers,Nigeria"
PU647,Rivers,Port Harcourt,Ward BP,2019,970,480,455,20,955,Port Harcourt-Rivers-2019,98.45360825,Normal,13,4.307692308,Nigeria,Medium Score,"Port Harcourt,Rivers,Nigeria"
PU655,Rivers,Port Harcourt,Ward BQ,2019,980,485,460,20,965,Port Harcourt-Rivers-2019,98.46938776,Normal,13,4.307692308,Nigeria,Medium Score,"Port Harcourt,Rivers,Nigeria"
PU663,Rivers,Port Harcourt,Ward BR,2019,990,490,465,20,975,Port Harcourt-Rivers-2019,98.48484848,Normal,13,4.307692308,Nigeria,Medium Score,"Port Harcourt,Rivers,Nigeria"
PU671,Rivers,Port Harcourt,Ward BS,2019,1000,495,470,20,985,Port Harcourt-Rivers-2019,98.5,Normal,13,4.307692308,Nigeria,Medium Score,"Port Harcourt,Rivers,Nigeria"
PU679,Rivers,Port Harcourt,Ward BT,2019,1010,500,475,20,995,Port Harcourt-Rivers-2019,98.51485149,Normal,13,4.307692308,Nigeria,Medium Score,"Port Harcourt,Rivers,Nigeria"
PU687,Rivers,Port Harcourt,Ward BU,2019,1020,505,480,20,1005,Port Harcourt-Rivers-2019,98.52941176,Normal,13,4.307692308,Nigeria,Medium Score,"Port Harcourt,Rivers,Nigeria"
PU695,Rivers,Port Harcourt,Ward BV,2019,1030,510,485,20,1015,Port Harcourt-Rivers-2019,98.54368932,Normal,13,4.307692308,Nigeria,Medium Score,"Port Harcourt,Rivers,Nigeria"
PU707,Rivers,Port Harcourt,Ward BW,2023,1040,515,490,20,1025,Port Harcourt-Rivers-2023,98.55769231,Normal,13,4.769230769,Nigeria,Medium Score,"Port Harcourt,Rivers,Nigeria"
PU715,Rivers,Port Harcourt,Ward BX,2023,1050,520,495,20,1035,Port Harcourt-Rivers-2023,98.57142857,Normal,13,4.769230769,Nigeria,Medium Score,"Port Harcourt,Rivers,Nigeria"
PU723,Rivers,Port Harcourt,Ward BY,2023,1060,525,500,20,1045,Port Harcourt-Rivers-2023,98.58490566,Normal,13,4.769230769,Nigeria,Medium Score,"Port Harcourt,Rivers,Nigeria"
PU731,Rivers,Port Harcourt,Ward BZ,2023,1070,530,505,20,1055,Port Harcourt-Rivers-2023,98.59813084,Normal,13,4.769230769,Nigeria,Medium Score,"Port Harcourt,Rivers,Nigeria"
PU739,Rivers,Port Harcourt,Ward CA,2023,1080,535,510,20,1065,Port Harcourt-Rivers-2023,98.61111111,Normal,13,4.769230769,Nigeria,Medium Score,"Port Harcourt,Rivers,Nigeria"
PU747,Rivers,Port Harcourt,Ward CB,2023,1090,540,515,20,1075,Port Harcourt-Rivers-2023,98.62385321,Normal,13,4.769230769,Nigeria,Medium Score,"Port Harcourt,Rivers,Nigeria"
PU755,Rivers,Port Harcourt,Ward CC,2023,1100,545,520,20,1085,Port Harcourt-Rivers-2023,98.63636364,Normal,13,4.769230769,Nigeria,Medium Score,"Port Harcourt,Rivers,Nigeria"
PU763,Rivers,Port Harcourt,Ward CD,2023,1110,550,525,20,1095,Port Harcourt-Rivers-2023,98.64864865,Normal,13,4.769230769,Nigeria,Medium Score,"Port Harcourt,Rivers,Nigeria"
PU771,Rivers,Port Harcourt,Ward CE,2023,1120,555,530,20,1105,Port Harcourt-Rivers-2023,98.66071429,Normal,13,4.769230769,Nigeria,Medium Score,"Port Harcourt,Rivers,Nigeria"
PU779,Rivers,Port Harcourt,Ward CF,2023,1130,560,535,20,1115,Port Harcourt-Rivers-2023,98.67256637,Normal,13,4.769230769,Nigeria,Medium Score,"Port Harcourt,Rivers,Nigeria"
PU787,Rivers,Port Harcourt,Ward CG,2023,1140,565,540,20,1125,Port Harcourt-Rivers-2023,98.68421053,Normal,13,4.769230769,Nigeria,Medium Score,"Port Harcourt,Rivers,Nigeria"
PU795,Rivers,Port Harcourt,Ward CH,2023,1150,570,545,20,1135,Port Harcourt-Rivers-2023,98.69565217,Normal,13,4.769230769,Nigeria,Medium Score,"Port Harcourt,Rivers,Nigeria"
PU807,Rivers,Port Harcourt,Ward CI,2019,920,455,430,20,905,Port Harcourt-Rivers-2019,98.36956522,Normal,13,4.307692308,Nigeria,Medium Score,"Port Harcourt,Rivers,Nigeria"
PU815,Rivers,Port Harcourt,Ward CJ,2019,930,460,435,20,915,Port Harcourt-Rivers-2019,98.38709677,Normal,13,4.307692308,Nigeria,Medium Score,"Port Harcourt,Rivers,Nigeria"
PU823,Rivers,Port Harcourt,Ward CK,2019,940,465,440,20,925,Port Harcourt-Rivers-2019,98.40425532,Normal,13,4.307692308,Nigeria,Medium Score,"Port Harcourt,Rivers,Nigeria"
PU831,Rivers,Port Harcourt,Ward CL,2019,950,470,445,20,935,Port Harcourt-Rivers-2019,98.42105263,Normal,13,4.307692308,Nigeria,Medium Score,"Port Harcourt,Rivers,Nigeria"
PU839,Rivers,Port Harcourt,Ward CM,2019,960,475,450,20,945,Port Harcourt-Rivers-2019,98.4375,Normal,13,4.307692308,Nigeria,Medium Score,"Port Harcourt,Rivers,Nigeria"
PU847,Rivers,Port Harcourt,Ward CN,2019,970,480,455,20,955,Port Harcourt-Rivers-2019,98.45360825,Normal,13,4.307692308,Nigeria,Medium Score,"Port Harcourt,Rivers,Nigeria"
PU855,Rivers,Port Harcourt,Ward CO,2019,980,485,460,20,965,Port Harcourt-Rivers-2019,98.46938776,Normal,13,4.307692308,Nigeria,Medium Score,"Port Harcourt,Rivers,Nigeria"
PU863,Rivers,Port Harcourt,Ward CP,2019,990,490,465,20,975,Port Harcourt-Rivers-2019,98.48484848,Normal,13,4.307692308,Nigeria,Medium Score,"Port Harcourt,Rivers,Nigeria"
PU871,Rivers,Port Harcourt,Ward CQ,2019,1000,495,470,20,985,Port Harcourt-Rivers-2019,98.5,Normal,13,4.307692308,Nigeria,Medium Score,"Port Harcourt,Rivers,Nigeria"
PU879,Rivers,Port Harcourt,Ward CR,2019,1010,500,475,20,995,Port Harcourt-Rivers-2019,98.51485149,Normal,13,4.307692308,Nigeria,Medium Score,"Port Harcourt,Rivers,Nigeria"
PU887,Rivers,Port Harcourt,Ward CS,2019,1020,505,480,20,1005,Port Harcourt-Rivers-2019,98.52941176,Normal,13,4.307692308,Nigeria,Medium Score,"Port Harcourt,Rivers,Nigeria"
PU895,Rivers,Port Harcourt,Ward CT,2019,1030,510,485,20,1015,Port Harcourt-Rivers-2019,98.54368932,Normal,13,4.307692308,Nigeria,Medium Score,"Port Harcourt,Rivers,Nigeria"
PU907,Rivers,Port Harcourt,Ward CU,2023,1040,515,490,20,1025,Port Harcourt-Rivers-2023,98.55769231,Normal,13,4.769230769,Nigeria,Medium Score,"Port Harcourt,Rivers,Nigeria"
PU915,Rivers,Port Harcourt,Ward CV,2023,1050,520,495,20,1035,Port Harcourt-Rivers-2023,98.57142857,Normal,13,4.769230769,Nigeria,Medium Score,"Port Harcourt,Rivers,Nigeria"
PU923,Rivers,Port Harcourt,Ward CW,2023,1060,525,500,20,1045,Port Harcourt-Rivers-2023,98.58490566,Normal,13,4.769230769,Nigeria,Medium Score,"Port Harcourt,Rivers,Nigeria"
PU931,Rivers,Port Harcourt,Ward CX,2023,1070,530,505,20,1055,Port Harcourt-Rivers-2023,98.59813084,Normal,13,4.769230769,Nigeria,Medium Score,"Port Harcourt,Rivers,Nigeria"
PU939,Rivers,Port Harcourt,Ward CY,2023,1080,535,510,20,1065,Port Harcourt-Rivers-2023,98.61111111,Normal,13,4.769230769,Nigeria,Medium Score,"Port Harcourt,Rivers,Nigeria"
PU947,Rivers,Port Harcourt,Ward CZ,2023,1090,540,515,20,1075,Port Harcourt-Rivers-2023,98.62385321,Normal,13,4.769230769,Nigeria,Medium Score,"Port Harcourt,Rivers,Nigeria"
PU955,Rivers,Port Harcourt,Ward DA,2023,1100,545,520,20,1085,Port Harcourt-Rivers-2023,98.63636364,Normal,13,4.769230769,Nigeria,Medium Score,"Port Harcourt,Rivers,Nigeria"
PU963,Rivers,Port Harcourt,Ward DB,2023,1110,550,525,20,1095,Port Harcourt-Rivers-2023,98.64864865,Normal,13,4.769230769,Nigeria,Medium Score,"Port Harcourt,Rivers,Nigeria"
PU971,Rivers,Port Harcourt,Ward DC,2023,1120,555,530,20,1105,Port Harcourt-Rivers-2023,98.66071429,Normal,13,4.769230769,Nigeria,Medium Score,"Port Harcourt,Rivers,Nigeria"
PU979,Rivers,Port Harcourt,Ward DD,2023,1130,560,535,20,1115,Port Harcourt-Rivers-2023,98.67256637,Normal,13,4.769230769,Nigeria,Medium Score,"Port Harcourt,Rivers,Nigeria"
PU987,Rivers,Port Harcourt,Ward DE,2023,1140,565,540,20,1125,Port Harcourt-Rivers-2023,98.68421053,Normal,13,4.769230769,Nigeria,Medium Score,"Port Harcourt,Rivers,Nigeria"
PU995,Rivers,Port Harcourt,Ward DF,2023,1150,570,545,20,1135,Port Harcourt-Rivers-2023,98.69565217,Normal,13,4.769230769,Nigeria,Medium Score,"Port Harcourt,Rivers,Nigeria"
PU049,Lagos,Eti-Osa,Ward G,2019,570,285,260,20,565,Eti-Osa-Lagos-2019,99.12280702,Normal,12,2.416666667,Nigeria,Medium Score,"Eti-Osa,Lagos,Nigeria"
PU303,Rivers,Obio/Akpor,Ward AD,2019,890,440,415,20,885,Obio/Akpor-Rivers-2019,99.43820225,Normal,12,3.916666667,Nigeria,Medium Score,"Obio/Akpor,Rivers,Nigeria"
PU305,Lagos,Eti-Osa,Ward Z,2019,620,310,280,20,615,Eti-Osa-Lagos-2019,99.19354839,Normal,12,2.416666667,Nigeria,Medium Score,"Eti-Osa,Lagos,Nigeria"
PU306,Kano,Fagge,Ward X,2019,680,340,315,20,675,Fagge-Kano-2019,99.26470588,Normal,12,3.833333333,Nigeria,Medium Score,"Fagge,Kano,Nigeria"
PU311,Rivers,Obio/Akpor,Ward AE,2019,900,450,425,20,895,Obio/Akpor-Rivers-2019,99.44444444,Normal,12,3.916666667,Nigeria,Medium Score,"Obio/Akpor,Rivers,Nigeria"
PU313,Lagos,Eti-Osa,Ward AA,2019,630,315,285,20,625,Eti-Osa-Lagos-2019,99.20634921,Normal,12,2.416666667,Nigeria,Medium Score,"Eti-Osa,Lagos,Nigeria"
PU314,Kano,Fagge,Ward Y,2019,690,345,320,20,685,Fagge-Kano-2019,99.27536232,Normal,12,3.833333333,Nigeria,Medium Score,"Fagge,Kano,Nigeria"
PU319,Rivers,Obio/Akpor,Ward AF,2019,910,455,430,20,905,Obio/Akpor-Rivers-2019,99.45054945,Normal,12,3.916666667,Nigeria,Medium Score,"Obio/Akpor,Rivers,Nigeria"
PU321,Lagos,Eti-Osa,Ward AB,2019,640,320,290,20,635,Eti-Osa-Lagos-2019,99.21875,Normal,12,2.416666667,Nigeria,Medium Score,"Eti-Osa,Lagos,Nigeria"
PU322,Kano,Fagge,Ward Z,2019,700,350,325,20,695,Fagge-Kano-2019,99.28571429,Normal,12,3.833333333,Nigeria,Medium Score,"Fagge,Kano,Nigeria"
PU327,Rivers,Obio/Akpor,Ward AG,2019,920,460,435,20,915,Obio/Akpor-Rivers-2019,99.45652174,Normal,12,3.916666667,Nigeria,Medium Score,"Obio/Akpor,Rivers,Nigeria"
PU329,Lagos,Eti-Osa,Ward AC,2019,650,325,295,20,645,Eti-Osa-Lagos-2019,99.23076923,Normal,12,2.416666667,Nigeria,Medium Score,"Eti-Osa,Lagos,Nigeria"
PU330,Kano,Fagge,Ward AA,2019,710,355,330,20,705,Fagge-Kano-2019,99.29577465,Normal,12,3.833333333,Nigeria,Medium Score,"Fagge,Kano,Nigeria"
PU335,Rivers,Obio/Akpor,Ward AH,2019,930,465,440,20,925,Obio/Akpor-Rivers-2019,99.46236559,Normal,12,3.916666667,Nigeria,Medium Score,"Obio/Akpor,Rivers,Nigeria"
PU337,Lagos,Eti-Osa,Ward AD,2019,660,330,300,20,655,Eti-Osa-Lagos-2019,99.24242424,Normal,12,2.416666667,Nigeria,Medium Score,"Eti-Osa,Lagos,Nigeria"
PU338,Kano,Fagge,Ward AB,2019,720,360,335,20,715,Fagge-Kano-2019,99.30555556,Normal,12,3.833333333,Nigeria,Medium Score,"Fagge,Kano,Nigeria"
PU343,Rivers,Obio/Akpor,Ward AI,2019,940,470,445,20,935,Obio/Akpor-Rivers-2019,99.46808511,Normal,12,3.916666667,Nigeria,Medium Score,"Obio/Akpor,Rivers,Nigeria"
PU345,Lagos,Eti-Osa,Ward AE,2019,670,335,305,20,665,Eti-Osa-Lagos-2019,99.25373134,Normal,12,2.416666667,Nigeria,Medium Score,"Eti-Osa,Lagos,Nigeria"
PU346,Kano,Fagge,Ward AC,2019,730,365,340,20,725,Fagge-Kano-2019,99.31506849,Normal,12,3.833333333,Nigeria,Medium Score,"Fagge,Kano,Nigeria"
PU351,Rivers,Obio/Akpor,Ward AJ,2019,950,475,450,20,945,Obio/Akpor-Rivers-2019,99.47368421,Normal,12,3.916666667,Nigeria,Medium Score,"Obio/Akpor,Rivers,Nigeria"
PU353,Lagos,Eti-Osa,Ward AF,2019,680,340,310,20,675,Eti-Osa-Lagos-2019,99.26470588,Normal,12,2.416666667,Nigeria,Medium Score,"Eti-Osa,Lagos,Nigeria"
PU354,Kano,Fagge,Ward AD,2019,740,370,345,20,735,Fagge-Kano-2019,99.32432432,Normal,12,3.833333333,Nigeria,Medium Score,"Fagge,Kano,Nigeria"
PU359,Rivers,Obio/Akpor,Ward AK,2019,960,480,455,20,955,Obio/Akpor-Rivers-2019,99.47916667,Normal,12,3.916666667,Nigeria,Medium Score,"Obio/Akpor,Rivers,Nigeria"
PU361,Lagos,Eti-Osa,Ward AG,2019,690,345,315,20,685,Eti-Osa-Lagos-2019,99.27536232,Normal,12,2.416666667,Nigeria,Medium Score,"Eti-Osa,Lagos,Nigeria"
PU362,Kano,Fagge,Ward AE,2019,750,375,350,20,745,Fagge-Kano-2019,99.33333333,Normal,12,3.833333333,Nigeria,Medium Score,"Fagge,Kano,Nigeria"
PU367,Rivers,Obio/Akpor,Ward AL,2019,970,485,460,20,965,Obio/Akpor-Rivers-2019,99.48453608,Normal,12,3.916666667,Nigeria,Medium Score,"Obio/Akpor,Rivers,Nigeria"
PU369,Lagos,Eti-Osa,Ward AH,2019,700,350,320,20,695,Eti-Osa-Lagos-2019,99.28571429,Normal,12,2.416666667,Nigeria,Medium Score,"Eti-Osa,Lagos,Nigeria"
PU370,Kano,Fagge,Ward AF,2019,760,380,355,20,755,Fagge-Kano-2019,99.34210526,Normal,12,3.833333333,Nigeria,Medium Score,"Fagge,Kano,Nigeria"
PU375,Rivers,Obio/Akpor,Ward AM,2019,980,490,465,20,975,Obio/Akpor-Rivers-2019,99.48979592,Normal,12,3.916666667,Nigeria,Medium Score,"Obio/Akpor,Rivers,Nigeria"
PU377,Lagos,Eti-Osa,Ward AI,2019,710,355,325,20,705,Eti-Osa-Lagos-2019,99.29577465,Normal,12,2.416666667,Nigeria,Medium Score,"Eti-Osa,Lagos,Nigeria"
PU378,Kano,Fagge,Ward AG,2019,770,385,360,20,765,Fagge-Kano-2019,99.35064935,Normal,12,3.833333333,Nigeria,Medium Score,"Fagge,Kano,Nigeria"
PU383,Rivers,Obio/Akpor,Ward AN,2019,990,495,470,20,985,Obio/Akpor-Rivers-2019,99.49494949,Normal,12,3.916666667,Nigeria,Medium Score,"Obio/Akpor,Rivers,Nigeria"
PU385,Lagos,Eti-Osa,Ward AJ,2019,720,360,330,20,715,Eti-Osa-Lagos-2019,99.30555556,Normal,12,2.416666667,Nigeria,Medium Score,"Eti-Osa,Lagos,Nigeria"
PU386,Kano,Fagge,Ward AH,2019,780,390,365,20,775,Fagge-Kano-2019,99.35897436,Normal,12,3.833333333,Nigeria,Medium Score,"Fagge,Kano,Nigeria"
PU391,Rivers,Obio/Akpor,Ward AO,2019,1000,500,475,20,995,Obio/Akpor-Rivers-2019,99.5,Normal,12,3.916666667,Nigeria,Medium Score,"Obio/Akpor,Rivers,Nigeria"
PU393,Lagos,Eti-Osa,Ward AK,2019,730,365,335,20,725,Eti-Osa-Lagos-2019,99.31506849,Normal,12,2.416666667,Nigeria,Medium Score,"Eti-Osa,Lagos,Nigeria"
PU394,Kano,Fagge,Ward AI,2019,790,395,370,20,785,Fagge-Kano-2019,99.36708861,Normal,12,3.833333333,Nigeria,Medium Score,"Fagge,Kano,Nigeria"
PU399,Rivers,Obio/Akpor,Ward AP,2019,1010,505,480,20,1005,Obio/Akpor-Rivers-2019,99.5049505,Normal,12,3.916666667,Nigeria,Medium Score,"Obio/Akpor,Rivers,Nigeria"
PU408,Abuja,Bwari,Ward AK,2019,980,485,460,20,965,Bwari-Abuja-2019,98.46938776,Normal,12,3,Nigeria,Medium Score,"Bwari,Abuja,Nigeria"
PU416,Abuja,Bwari,Ward AL,2019,990,490,465,20,975,Bwari-Abuja-2019,98.48484848,Normal,12,3,Nigeria,Medium Score,"Bwari,Abuja,Nigeria"
PU424,Abuja,Bwari,Ward AM,2019,1000,495,470,20,985,Bwari-Abuja-2019,98.5,Normal,12,3,Nigeria,Medium Score,"Bwari,Abuja,Nigeria"
PU432,Abuja,Bwari,Ward AN,2019,1010,500,475,20,995,Bwari-Abuja-2019,98.51485149,Normal,12,3,Nigeria,Medium Score,"Bwari,Abuja,Nigeria"
PU440,Abuja,Bwari,Ward AO,2019,1020,505,480,20,1005,Bwari-Abuja-2019,98.52941176,Normal,12,3,Nigeria,Medium Score,"Bwari,Abuja,Nigeria"
PU448,Abuja,Bwari,Ward AP,2019,1030,510,485,20,1015,Bwari-Abuja-2019,98.54368932,Normal,12,3,Nigeria,Medium Score,"Bwari,Abuja,Nigeria"
PU456,Abuja,Bwari,Ward AQ,2019,1040,515,490,20,1025,Bwari-Abuja-2019,98.55769231,Normal,12,3,Nigeria,Medium Score,"Bwari,Abuja,Nigeria"
PU464,Abuja,Bwari,Ward AR,2019,1050,520,495,20,1035,Bwari-Abuja-2019,98.57142857,Normal,12,3,Nigeria,Medium Score,"Bwari,Abuja,Nigeria"
PU472,Abuja,Bwari,Ward AS,2019,1060,525,500,20,1045,Bwari-Abuja-2019,98.58490566,Normal,12,3,Nigeria,Medium Score,"Bwari,Abuja,Nigeria"
PU480,Abuja,Bwari,Ward AT,2019,1070,530,505,20,1055,Bwari-Abuja-2019,98.59813084,Normal,12,3,Nigeria,Medium Score,"Bwari,Abuja,Nigeria"
PU488,Abuja,Bwari,Ward AU,2019,1080,535,510,20,1065,Bwari-Abuja-2019,98.61111111,Normal,12,3,Nigeria,Medium Score,"Bwari,Abuja,Nigeria"
PU496,Abuja,Bwari,Ward AV,2019,1090,540,515,20,1075,Bwari-Abuja-2019,98.62385321,Normal,12,3,Nigeria,Medium Score,"Bwari,Abuja,Nigeria"
PU508,Abuja,Bwari,Ward AW,2023,1100,545,520,20,1085,Bwari-Abuja-2023,98.63636364,Normal,12,4,Nigeria,Medium Score,"Bwari,Abuja,Nigeria"
PU516,Abuja,Bwari,Ward AX,2023,1110,550,525,20,1095,Bwari-Abuja-2023,98.64864865,Normal,12,4,Nigeria,Medium Score,"Bwari,Abuja,Nigeria"
PU524,Abuja,Bwari,Ward AY,2023,1120,555,530,20,1105,Bwari-Abuja-2023,98.66071429,Normal,12,4,Nigeria,Medium Score,"Bwari,Abuja,Nigeria"
PU532,Abuja,Bwari,Ward AZ,2023,1130,560,535,20,1115,Bwari-Abuja-2023,98.67256637,Normal,12,4,Nigeria,Medium Score,"Bwari,Abuja,Nigeria"
PU540,Abuja,Bwari,Ward BA,2023,1140,565,540,20,1125,Bwari-Abuja-2023,98.68421053,Normal,12,4,Nigeria,Medium Score,"Bwari,Abuja,Nigeria"
PU548,Abuja,Bwari,Ward BB,2023,1150,570,545,20,1135,Bwari-Abuja-2023,98.69565217,Normal,12,4,Nigeria,Medium Score,"Bwari,Abuja,Nigeria"
PU556,Abuja,Bwari,Ward BC,2023,1160,575,550,20,1145,Bwari-Abuja-2023,98.70689655,Normal,12,4,Nigeria,Medium Score,"Bwari,Abuja,Nigeria"
PU564,Abuja,Bwari,Ward BD,2023,1170,580,555,20,1155,Bwari-Abuja-2023,98.71794872,Normal,12,4,Nigeria,Medium Score,"Bwari,Abuja,Nigeria"
PU572,Abuja,Bwari,Ward BE,2023,1180,585,560,20,1165,Bwari-Abuja-2023,98.72881356,Normal,12,4,Nigeria,Medium Score,"Bwari,Abuja,Nigeria"
PU580,Abuja,Bwari,Ward BF,2023,1190,590,565,20,1175,Bwari-Abuja-2023,98.7394958,Normal,12,4,Nigeria,Medium Score,"Bwari,Abuja,Nigeria"
PU588,Abuja,Bwari,Ward BG,2023,1200,595,570,20,1185,Bwari-Abuja-2023,98.75,Normal,12,4,Nigeria,Medium Score,"Bwari,Abuja,Nigeria"
PU596,Abuja,Bwari,Ward BH,2023,1210,600,575,20,1195,Bwari-Abuja-2023,98.76033058,Normal,12,4,Nigeria,Medium Score,"Bwari,Abuja,Nigeria"
PU608,Abuja,Bwari,Ward BI,2019,980,485,460,20,965,Bwari-Abuja-2019,98.46938776,Normal,12,3,Nigeria,Medium Score,"Bwari,Abuja,Nigeria"
PU616,Abuja,Bwari,Ward BJ,2019,990,490,465,20,975,Bwari-Abuja-2019,98.48484848,Normal,12,3,Nigeria,Medium Score,"Bwari,Abuja,Nigeria"
PU624,Abuja,Bwari,Ward BK,2019,1000,495,470,20,985,Bwari-Abuja-2019,98.5,Normal,12,3,Nigeria,Medium Score,"Bwari,Abuja,Nigeria"
PU632,Abuja,Bwari,Ward BL,2019,1010,500,475,20,995,Bwari-Abuja-2019,98.51485149,Normal,12,3,Nigeria,Medium Score,"Bwari,Abuja,Nigeria"
PU640,Abuja,Bwari,Ward BM,2019,1020,505,480,20,1005,Bwari-Abuja-2019,98.52941176,Normal,12,3,Nigeria,Medium Score,"Bwari,Abuja,Nigeria"
PU648,Abuja,Bwari,Ward BN,2019,1030,510,485,20,1015,Bwari-Abuja-2019,98.54368932,Normal,12,3,Nigeria,Medium Score,"Bwari,Abuja,Nigeria"
PU656,Abuja,Bwari,Ward BO,2019,1040,515,490,20,1025,Bwari-Abuja-2019,98.55769231,Normal,12,3,Nigeria,Medium Score,"Bwari,Abuja,Nigeria"
PU664,Abuja,Bwari,Ward BP,2019,1050,520,495,20,1035,Bwari-Abuja-2019,98.57142857,Normal,12,3,Nigeria,Medium Score,"Bwari,Abuja,Nigeria"
PU672,Abuja,Bwari,Ward BQ,2019,1060,525,500,20,1045,Bwari-Abuja-2019,98.58490566,Normal,12,3,Nigeria,Medium Score,"Bwari,Abuja,Nigeria"
PU680,Abuja,Bwari,Ward BR,2019,1070,530,505,20,1055,Bwari-Abuja-2019,98.59813084,Normal,12,3,Nigeria,Medium Score,"Bwari,Abuja,Nigeria"
PU688,Abuja,Bwari,Ward BS,2019,1080,535,510,20,1065,Bwari-Abuja-2019,98.61111111,Normal,12,3,Nigeria,Medium Score,"Bwari,Abuja,Nigeria"
PU696,Abuja,Bwari,Ward BT,2019,1090,540,515,20,1075,Bwari-Abuja-2019,98.62385321,Normal,12,3,Nigeria,Medium Score,"Bwari,Abuja,Nigeria"
PU708,Abuja,Bwari,Ward BU,2023,1100,545,520,20,1085,Bwari-Abuja-2023,98.63636364,Normal,12,4,Nigeria,Medium Score,"Bwari,Abuja,Nigeria"
PU716,Abuja,Bwari,Ward BV,2023,1110,550,525,20,1095,Bwari-Abuja-2023,98.64864865,Normal,12,4,Nigeria,Medium Score,"Bwari,Abuja,Nigeria"
PU724,Abuja,Bwari,Ward BW,2023,1120,555,530,20,1105,Bwari-Abuja-2023,98.66071429,Normal,12,4,Nigeria,Medium Score,"Bwari,Abuja,Nigeria"
PU732,Abuja,Bwari,Ward BX,2023,1130,560,535,20,1115,Bwari-Abuja-2023,98.67256637,Normal,12,4,Nigeria,Medium Score,"Bwari,Abuja,Nigeria"
PU740,Abuja,Bwari,Ward BY,2023,1140,565,540,20,1125,Bwari-Abuja-2023,98.68421053,Normal,12,4,Nigeria,Medium Score,"Bwari,Abuja,Nigeria"
PU748,Abuja,Bwari,Ward BZ,2023,1150,570,545,20,1135,Bwari-Abuja-2023,98.69565217,Normal,12,4,Nigeria,Medium Score,"Bwari,Abuja,Nigeria"
PU756,Abuja,Bwari,Ward CA,2023,1160,575,550,20,1145,Bwari-Abuja-2023,98.70689655,Normal,12,4,Nigeria,Medium Score,"Bwari,Abuja,Nigeria"
PU764,Abuja,Bwari,Ward CB,2023,1170,580,555,20,1155,Bwari-Abuja-2023,98.71794872,Normal,12,4,Nigeria,Medium Score,"Bwari,Abuja,Nigeria"
PU772,Abuja,Bwari,Ward CC,2023,1180,585,560,20,1165,Bwari-Abuja-2023,98.72881356,Normal,12,4,Nigeria,Medium Score,"Bwari,Abuja,Nigeria"
PU780,Abuja,Bwari,Ward CD,2023,1190,590,565,20,1175,Bwari-Abuja-2023,98.7394958,Normal,12,4,Nigeria,Medium Score,"Bwari,Abuja,Nigeria"
PU788,Abuja,Bwari,Ward CE,2023,1200,595,570,20,1185,Bwari-Abuja-2023,98.75,Normal,12,4,Nigeria,Medium Score,"Bwari,Abuja,Nigeria"
PU796,Abuja,Bwari,Ward CF,2023,1210,600,575,20,1195,Bwari-Abuja-2023,98.76033058,Normal,12,4,Nigeria,Medium Score,"Bwari,Abuja,Nigeria"
PU808,Abuja,Bwari,Ward CG,2019,980,485,460,20,965,Bwari-Abuja-2019,98.46938776,Normal,12,3,Nigeria,Medium Score,"Bwari,Abuja,Nigeria"
PU816,Abuja,Bwari,Ward CH,2019,990,490,465,20,975,Bwari-Abuja-2019,98.48484848,Normal,12,3,Nigeria,Medium Score,"Bwari,Abuja,Nigeria"
PU824,Abuja,Bwari,Ward CI,2019,1000,495,470,20,985,Bwari-Abuja-2019,98.5,Normal,12,3,Nigeria,Medium Score,"Bwari,Abuja,Nigeria"
PU832,Abuja,Bwari,Ward CJ,2019,1010,500,475,20,995,Bwari-Abuja-2019,98.51485149,Normal,12,3,Nigeria,Medium Score,"Bwari,Abuja,Nigeria"
PU840,Abuja,Bwari,Ward CK,2019,1020,505,480,20,1005,Bwari-Abuja-2019,98.52941176,Normal,12,3,Nigeria,Medium Score,"Bwari,Abuja,Nigeria"
PU848,Abuja,Bwari,Ward CL,2019,1030,510,485,20,1015,Bwari-Abuja-2019,98.54368932,Normal,12,3,Nigeria,Medium Score,"Bwari,Abuja,Nigeria"
PU856,Abuja,Bwari,Ward CM,2019,1040,515,490,20,1025,Bwari-Abuja-2019,98.55769231,Normal,12,3,Nigeria,Medium Score,"Bwari,Abuja,Nigeria"
PU864,Abuja,Bwari,Ward CN,2019,1050,520,495,20,1035,Bwari-Abuja-2019,98.57142857,Normal,12,3,Nigeria,Medium Score,"Bwari,Abuja,Nigeria"
PU872,Abuja,Bwari,Ward CO,2019,1060,525,500,20,1045,Bwari-Abuja-2019,98.58490566,Normal,12,3,Nigeria,Medium Score,"Bwari,Abuja,Nigeria"
PU880,Abuja,Bwari,Ward CP,2019,1070,530,505,20,1055,Bwari-Abuja-2019,98.59813084,Normal,12,3,Nigeria,Medium Score,"Bwari,Abuja,Nigeria"
PU888,Abuja,Bwari,Ward CQ,2019,1080,535,510,20,1065,Bwari-Abuja-2019,98.61111111,Normal,12,3,Nigeria,Medium Score,"Bwari,Abuja,Nigeria"
PU896,Abuja,Bwari,Ward CR,2019,1090,540,515,20,1075,Bwari-Abuja-2019,98.62385321,Normal,12,3,Nigeria,Medium Score,"Bwari,Abuja,Nigeria"
PU908,Abuja,Bwari,Ward CS,2023,1100,545,520,20,1085,Bwari-Abuja-2023,98.63636364,Normal,12,4,Nigeria,Medium Score,"Bwari,Abuja,Nigeria"
PU916,Abuja,Bwari,Ward CT,2023,1110,550,525,20,1095,Bwari-Abuja-2023,98.64864865,Normal,12,4,Nigeria,Medium Score,"Bwari,Abuja,Nigeria"
PU924,Abuja,Bwari,Ward CU,2023,1120,555,530,20,1105,Bwari-Abuja-2023,98.66071429,Normal,12,4,Nigeria,Medium Score,"Bwari,Abuja,Nigeria"
PU932,Abuja,Bwari,Ward CV,2023,1130,560,535,20,1115,Bwari-Abuja-2023,98.67256637,Normal,12,4,Nigeria,Medium Score,"Bwari,Abuja,Nigeria"
PU940,Abuja,Bwari,Ward CW,2023,1140,565,540,20,1125,Bwari-Abuja-2023,98.68421053,Normal,12,4,Nigeria,Medium Score,"Bwari,Abuja,Nigeria"
PU948,Abuja,Bwari,Ward CX,2023,1150,570,545,20,1135,Bwari-Abuja-2023,98.69565217,Normal,12,4,Nigeria,Medium Score,"Bwari,Abuja,Nigeria"
PU956,Abuja,Bwari,Ward CY,2023,1160,575,550,20,1145,Bwari-Abuja-2023,98.70689655,Normal,12,4,Nigeria,Medium Score,"Bwari,Abuja,Nigeria"
PU964,Abuja,Bwari,Ward CZ,2023,1170,580,555,20,1155,Bwari-Abuja-2023,98.71794872,Normal,12,4,Nigeria,Medium Score,"Bwari,Abuja,Nigeria"
PU972,Abuja,Bwari,Ward DA,2023,1180,585,560,20,1165,Bwari-Abuja-2023,98.72881356,Normal,12,4,Nigeria,Medium Score,"Bwari,Abuja,Nigeria"
PU980,Abuja,Bwari,Ward DB,2023,1190,590,565,20,1175,Bwari-Abuja-2023,98.7394958,Normal,12,4,Nigeria,Medium Score,"Bwari,Abuja,Nigeria"
PU988,Abuja,Bwari,Ward DC,2023,1200,595,570,20,1185,Bwari-Abuja-2023,98.75,Normal,12,4,Nigeria,Medium Score,"Bwari,Abuja,Nigeria"
PU996,Abuja,Bwari,Ward DD,2023,1210,600,575,20,1195,Bwari-Abuja-2023,98.76033058,Normal,12,4,Nigeria,Medium Score,"Bwari,Abuja,Nigeria"
PU017,Kano,Fagge,Ward A,2019,640,300,310,25,635,Fagge-Kano-2019,99.21875,Normal,12,3.833333333,Nigeria,Medium Score,"Fagge,Kano,Nigeria"
PU025,Lagos,Eti-Osa,Ward D,2019,620,310,280,25,615,Eti-Osa-Lagos-2019,99.19354839,Normal,12,2.416666667,Nigeria,Medium Score,"Eti-Osa,Lagos,Nigeria"
PU034,Kano,Fagge,Ward C,2019,630,310,290,25,625,Fagge-Kano-2019,99.20634921,Normal,12,3.833333333,Nigeria,Medium Score,"Fagge,Kano,Nigeria"
PU046,Kano,Nassarawa,Ward F,2019,800,400,370,25,795,Nassarawa-Kano-2019,99.375,Normal,14,3.785714286,Nigeria,Medium Score,"Nassarawa,Kano,Nigeria"
PU047,Rivers,Obio/Akpor,Ward J,2019,870,435,410,25,865,Obio/Akpor-Rivers-2019,99.42528736,Normal,12,3.916666667,Nigeria,Medium Score,"Obio/Akpor,Rivers,Nigeria"
PU050,Kano,Fagge,Ward E,2019,670,335,310,25,665,Fagge-Kano-2019,99.25373134,Normal,12,3.833333333,Nigeria,Medium Score,"Fagge,Kano,Nigeria"
PU055,Rivers,Obio/Akpor,Ward K,2019,880,440,415,25,875,Obio/Akpor-Rivers-2019,99.43181818,Normal,12,3.916666667,Nigeria,Medium Score,"Obio/Akpor,Rivers,Nigeria"
PU057,Lagos,Eti-Osa,Ward H,2019,600,300,275,25,595,Eti-Osa-Lagos-2019,99.16666667,Normal,12,2.416666667,Nigeria,Medium Score,"Eti-Osa,Lagos,Nigeria"
PU058,Kano,Fagge,Ward F,2019,680,340,315,25,675,Fagge-Kano-2019,99.26470588,Normal,12,3.833333333,Nigeria,Medium Score,"Fagge,Kano,Nigeria"
PU063,Rivers,Obio/Akpor,Ward L,2019,890,445,420,25,885,Obio/Akpor-Rivers-2019,99.43820225,Normal,12,3.916666667,Nigeria,Medium Score,"Obio/Akpor,Rivers,Nigeria"
PU065,Lagos,Eti-Osa,Ward I,2019,580,290,265,25,575,Eti-Osa-Lagos-2019,99.13793103,Normal,12,2.416666667,Nigeria,Medium Score,"Eti-Osa,Lagos,Nigeria"
PU066,Kano,Fagge,Ward G,2019,690,345,320,25,685,Fagge-Kano-2019,99.27536232,Normal,12,3.833333333,Nigeria,Medium Score,"Fagge,Kano,Nigeria"
PU071,Rivers,Obio/Akpor,Ward M,2019,900,450,425,25,895,Obio/Akpor-Rivers-2019,99.44444444,Normal,12,3.916666667,Nigeria,Medium Score,"Obio/Akpor,Rivers,Nigeria"
PU073,Lagos,Eti-Osa,Ward J,2019,610,305,280,25,605,Eti-Osa-Lagos-2019,99.18032787,Normal,12,2.416666667,Nigeria,Medium Score,"Eti-Osa,Lagos,Nigeria"
PU074,Kano,Fagge,Ward H,2019,700,350,325,25,695,Fagge-Kano-2019,99.28571429,Normal,12,3.833333333,Nigeria,Medium Score,"Fagge,Kano,Nigeria"
PU079,Rivers,Obio/Akpor,Ward N,2019,910,455,430,25,905,Obio/Akpor-Rivers-2019,99.45054945,Normal,12,3.916666667,Nigeria,Medium Score,"Obio/Akpor,Rivers,Nigeria"
PU081,Lagos,Eti-Osa,Ward K,2019,620,310,285,25,615,Eti-Osa-Lagos-2019,99.19354839,Normal,12,2.416666667,Nigeria,Medium Score,"Eti-Osa,Lagos,Nigeria"
PU082,Kano,Fagge,Ward I,2019,710,355,330,25,705,Fagge-Kano-2019,99.29577465,Normal,12,3.833333333,Nigeria,Medium Score,"Fagge,Kano,Nigeria"
PU087,Rivers,Obio/Akpor,Ward O,2019,920,460,435,25,915,Obio/Akpor-Rivers-2019,99.45652174,Normal,12,3.916666667,Nigeria,Medium Score,"Obio/Akpor,Rivers,Nigeria"
PU089,Lagos,Eti-Osa,Ward L,2019,630,315,290,25,625,Eti-Osa-Lagos-2019,99.20634921,Normal,12,2.416666667,Nigeria,Medium Score,"Eti-Osa,Lagos,Nigeria"
PU090,Kano,Fagge,Ward J,2019,720,360,335,25,715,Fagge-Kano-2019,99.30555556,Normal,12,3.833333333,Nigeria,Medium Score,"Fagge,Kano,Nigeria"
PU095,Rivers,Obio/Akpor,Ward P,2019,930,465,440,25,925,Obio/Akpor-Rivers-2019,99.46236559,Normal,12,3.916666667,Nigeria,Medium Score,"Obio/Akpor,Rivers,Nigeria"
PU097,Lagos,Eti-Osa,Ward M,2019,640,320,295,25,635,Eti-Osa-Lagos-2019,99.21875,Normal,12,2.416666667,Nigeria,Medium Score,"Eti-Osa,Lagos,Nigeria"
PU098,Kano,Fagge,Ward K,2019,730,365,340,25,725,Fagge-Kano-2019,99.31506849,Normal,12,3.833333333,Nigeria,Medium Score,"Fagge,Kano,Nigeria"
PU302,Kano,Nassarawa,Ward Z,2019,810,400,370,25,805,Nassarawa-Kano-2019,99.38271605,Normal,14,3.785714286,Nigeria,Medium Score,"Nassarawa,Kano,Nigeria"
PU310,Kano,Nassarawa,Ward AA,2019,830,415,385,25,825,Nassarawa-Kano-2019,99.39759036,Normal,14,3.785714286,Nigeria,Medium Score,"Nassarawa,Kano,Nigeria"
PU318,Kano,Nassarawa,Ward AB,2019,840,420,390,25,835,Nassarawa-Kano-2019,99.4047619,Normal,14,3.785714286,Nigeria,Medium Score,"Nassarawa,Kano,Nigeria"
PU326,Kano,Nassarawa,Ward AC,2019,850,425,395,25,845,Nassarawa-Kano-2019,99.41176471,Normal,14,3.785714286,Nigeria,Medium Score,"Nassarawa,Kano,Nigeria"
PU334,Kano,Nassarawa,Ward AD,2019,860,430,400,25,855,Nassarawa-Kano-2019,99.41860465,Normal,14,3.785714286,Nigeria,Medium Score,"Nassarawa,Kano,Nigeria"
PU342,Kano,Nassarawa,Ward AE,2019,870,435,405,25,865,Nassarawa-Kano-2019,99.42528736,Normal,14,3.785714286,Nigeria,Medium Score,"Nassarawa,Kano,Nigeria"
PU350,Kano,Nassarawa,Ward AF,2019,880,440,410,25,875,Nassarawa-Kano-2019,99.43181818,Normal,14,3.785714286,Nigeria,Medium Score,"Nassarawa,Kano,Nigeria"
PU358,Kano,Nassarawa,Ward AG,2019,890,445,415,25,885,Nassarawa-Kano-2019,99.43820225,Normal,14,3.785714286,Nigeria,Medium Score,"Nassarawa,Kano,Nigeria"
PU366,Kano,Nassarawa,Ward AH,2019,900,450,420,25,895,Nassarawa-Kano-2019,99.44444444,Normal,14,3.785714286,Nigeria,Medium Score,"Nassarawa,Kano,Nigeria"
PU374,Kano,Nassarawa,Ward AI,2019,910,455,425,25,905,Nassarawa-Kano-2019,99.45054945,Normal,14,3.785714286,Nigeria,Medium Score,"Nassarawa,Kano,Nigeria"
PU382,Kano,Nassarawa,Ward AJ,2019,920,460,430,25,915,Nassarawa-Kano-2019,99.45652174,Normal,14,3.785714286,Nigeria,Medium Score,"Nassarawa,Kano,Nigeria"
PU390,Kano,Nassarawa,Ward AK,2019,930,465,435,25,925,Nassarawa-Kano-2019,99.46236559,Normal,14,3.785714286,Nigeria,Medium Score,"Nassarawa,Kano,Nigeria"
PU398,Kano,Nassarawa,Ward AL,2019,940,470,440,25,935,Nassarawa-Kano-2019,99.46808511,Normal,14,3.785714286,Nigeria,Medium Score,"Nassarawa,Kano,Nigeria"
PU404,Abuja,AMAC,Ward AL,2019,1150,560,530,25,1115,AMAC-Abuja-2019,96.95652174,Normal,12,2,Nigeria,Low Risk,"AMAC,Abuja,Nigeria"
PU412,Abuja,AMAC,Ward AM,2019,1160,565,535,25,1125,AMAC-Abuja-2019,96.98275862,Normal,12,2,Nigeria,Low Risk,"AMAC,Abuja,Nigeria"
PU420,Abuja,AMAC,Ward AN,2019,1170,570,540,25,1135,AMAC-Abuja-2019,97.00854701,Normal,12,2,Nigeria,Low Risk,"AMAC,Abuja,Nigeria"
PU428,Abuja,AMAC,Ward AO,2019,1180,575,545,25,1145,AMAC-Abuja-2019,97.03389831,Normal,12,2,Nigeria,Low Risk,"AMAC,Abuja,Nigeria"
PU436,Abuja,AMAC,Ward AP,2019,1190,580,550,25,1155,AMAC-Abuja-2019,97.05882353,Normal,12,2,Nigeria,Low Risk,"AMAC,Abuja,Nigeria"
PU444,Abuja,AMAC,Ward AQ,2019,1200,585,555,25,1165,AMAC-Abuja-2019,97.08333333,Normal,12,2,Nigeria,Low Risk,"AMAC,Abuja,Nigeria"
PU452,Abuja,AMAC,Ward AR,2019,1210,590,560,25,1175,AMAC-Abuja-2019,97.10743802,Normal,12,2,Nigeria,Low Risk,"AMAC,Abuja,Nigeria"
PU460,Abuja,AMAC,Ward AS,2019,1220,595,565,25,1185,AMAC-Abuja-2019,97.13114754,Normal,12,2,Nigeria,Low Risk,"AMAC,Abuja,Nigeria"
PU468,Abuja,AMAC,Ward AT,2019,1230,600,570,25,1195,AMAC-Abuja-2019,97.15447154,Normal,12,2,Nigeria,Low Risk,"AMAC,Abuja,Nigeria"
PU476,Abuja,AMAC,Ward AU,2019,1240,605,575,25,1205,AMAC-Abuja-2019,97.17741935,Normal,12,2,Nigeria,Low Risk,"AMAC,Abuja,Nigeria"
PU484,Abuja,AMAC,Ward AV,2019,1250,610,580,25,1215,AMAC-Abuja-2019,97.2,Normal,12,2,Nigeria,Low Risk,"AMAC,Abuja,Nigeria"
PU492,Abuja,AMAC,Ward AW,2019,1260,615,585,25,1225,AMAC-Abuja-2019,97.22222222,Normal,12,2,Nigeria,Low Risk,"AMAC,Abuja,Nigeria"
PU500,Abuja,AMAC,Ward AX,2019,1270,620,590,25,1235,AMAC-Abuja-2019,97.24409449,Normal,12,2,Nigeria,Low Risk,"AMAC,Abuja,Nigeria"
PU504,Abuja,AMAC,Ward AY,2023,1280,625,595,25,1245,AMAC-Abuja-2023,97.265625,Normal,12,3,Nigeria,Medium Score,"AMAC,Abuja,Nigeria"
PU512,Abuja,AMAC,Ward AZ,2023,1290,630,600,25,1255,AMAC-Abuja-2023,97.28682171,Normal,12,3,Nigeria,Medium Score,"AMAC,Abuja,Nigeria"
PU520,Abuja,AMAC,Ward BA,2023,1300,635,605,25,1265,AMAC-Abuja-2023,97.30769231,Normal,12,3,Nigeria,Medium Score,"AMAC,Abuja,Nigeria"
PU528,Abuja,AMAC,Ward BB,2023,1310,640,610,25,1275,AMAC-Abuja-2023,97.32824427,Normal,12,3,Nigeria,Medium Score,"AMAC,Abuja,Nigeria"
PU536,Abuja,AMAC,Ward BC,2023,1320,645,615,25,1285,AMAC-Abuja-2023,97.34848485,Normal,12,3,Nigeria,Medium Score,"AMAC,Abuja,Nigeria"
PU544,Abuja,AMAC,Ward BD,2023,1330,650,620,25,1295,AMAC-Abuja-2023,97.36842105,Normal,12,3,Nigeria,Medium Score,"AMAC,Abuja,Nigeria"
PU552,Abuja,AMAC,Ward BE,2023,1340,655,625,25,1305,AMAC-Abuja-2023,97.3880597,Normal,12,3,Nigeria,Medium Score,"AMAC,Abuja,Nigeria"
PU560,Abuja,AMAC,Ward BF,2023,1350,660,630,25,1315,AMAC-Abuja-2023,97.40740741,Normal,12,3,Nigeria,Medium Score,"AMAC,Abuja,Nigeria"
PU568,Abuja,AMAC,Ward BG,2023,1360,665,635,25,1325,AMAC-Abuja-2023,97.42647059,Normal,12,3,Nigeria,Medium Score,"AMAC,Abuja,Nigeria"
PU576,Abuja,AMAC,Ward BH,2023,1370,670,640,25,1335,AMAC-Abuja-2023,97.44525547,Normal,12,3,Nigeria,Medium Score,"AMAC,Abuja,Nigeria"
PU584,Abuja,AMAC,Ward BI,2023,1380,675,645,25,1345,AMAC-Abuja-2023,97.46376812,Normal,12,3,Nigeria,Medium Score,"AMAC,Abuja,Nigeria"
PU592,Abuja,AMAC,Ward BJ,2023,1390,680,650,25,1355,AMAC-Abuja-2023,97.48201439,Normal,12,3,Nigeria,Medium Score,"AMAC,Abuja,Nigeria"
PU600,Abuja,AMAC,Ward BK,2023,1400,685,655,25,1365,AMAC-Abuja-2023,97.5,Normal,12,3,Nigeria,Medium Score,"AMAC,Abuja,Nigeria"
PU604,Abuja,AMAC,Ward BL,2019,1150,560,530,25,1115,AMAC-Abuja-2019,96.95652174,Normal,12,2,Nigeria,Low Risk,"AMAC,Abuja,Nigeria"
PU612,Abuja,AMAC,Ward BM,2019,1160,565,535,25,1125,AMAC-Abuja-2019,96.98275862,Normal,12,2,Nigeria,Low Risk,"AMAC,Abuja,Nigeria"
PU620,Abuja,AMAC,Ward BN,2019,1170,570,540,25,1135,AMAC-Abuja-2019,97.00854701,Normal,12,2,Nigeria,Low Risk,"AMAC,Abuja,Nigeria"
PU628,Abuja,AMAC,Ward BO,2019,1180,575,545,25,1145,AMAC-Abuja-2019,97.03389831,Normal,12,2,Nigeria,Low Risk,"AMAC,Abuja,Nigeria"
PU636,Abuja,AMAC,Ward BP,2019,1190,580,550,25,1155,AMAC-Abuja-2019,97.05882353,Normal,12,2,Nigeria,Low Risk,"AMAC,Abuja,Nigeria"
PU644,Abuja,AMAC,Ward BQ,2019,1200,585,555,25,1165,AMAC-Abuja-2019,97.08333333,Normal,12,2,Nigeria,Low Risk,"AMAC,Abuja,Nigeria"
PU652,Abuja,AMAC,Ward BR,2019,1210,590,560,25,1175,AMAC-Abuja-2019,97.10743802,Normal,12,2,Nigeria,Low Risk,"AMAC,Abuja,Nigeria"
PU660,Abuja,AMAC,Ward BS,2019,1220,595,565,25,1185,AMAC-Abuja-2019,97.13114754,Normal,12,2,Nigeria,Low Risk,"AMAC,Abuja,Nigeria"
PU668,Abuja,AMAC,Ward BT,2019,1230,600,570,25,1195,AMAC-Abuja-2019,97.15447154,Normal,12,2,Nigeria,Low Risk,"AMAC,Abuja,Nigeria"
PU676,Abuja,AMAC,Ward BU,2019,1240,605,575,25,1205,AMAC-Abuja-2019,97.17741935,Normal,12,2,Nigeria,Low Risk,"AMAC,Abuja,Nigeria"
PU684,Abuja,AMAC,Ward BV,2019,1250,610,580,25,1215,AMAC-Abuja-2019,97.2,Normal,12,2,Nigeria,Low Risk,"AMAC,Abuja,Nigeria"
PU692,Abuja,AMAC,Ward BW,2019,1260,615,585,25,1225,AMAC-Abuja-2019,97.22222222,Normal,12,2,Nigeria,Low Risk,"AMAC,Abuja,Nigeria"
PU700,Abuja,AMAC,Ward BX,2019,1270,620,590,25,1235,AMAC-Abuja-2019,97.24409449,Normal,12,2,Nigeria,Low Risk,"AMAC,Abuja,Nigeria"
PU704,Abuja,AMAC,Ward BY,2023,1280,625,595,25,1245,AMAC-Abuja-2023,97.265625,Normal,12,3,Nigeria,Medium Score,"AMAC,Abuja,Nigeria"
PU712,Abuja,AMAC,Ward BZ,2023,1290,630,600,25,1255,AMAC-Abuja-2023,97.28682171,Normal,12,3,Nigeria,Medium Score,"AMAC,Abuja,Nigeria"
PU720,Abuja,AMAC,Ward CA,2023,1300,635,605,25,1265,AMAC-Abuja-2023,97.30769231,Normal,12,3,Nigeria,Medium Score,"AMAC,Abuja,Nigeria"
PU728,Abuja,AMAC,Ward CB,2023,1310,640,610,25,1275,AMAC-Abuja-2023,97.32824427,Normal,12,3,Nigeria,Medium Score,"AMAC,Abuja,Nigeria"
PU736,Abuja,AMAC,Ward CC,2023,1320,645,615,25,1285,AMAC-Abuja-2023,97.34848485,Normal,12,3,Nigeria,Medium Score,"AMAC,Abuja,Nigeria"
PU744,Abuja,AMAC,Ward CD,2023,1330,650,620,25,1295,AMAC-Abuja-2023,97.36842105,Normal,12,3,Nigeria,Medium Score,"AMAC,Abuja,Nigeria"
PU752,Abuja,AMAC,Ward CE,2023,1340,655,625,25,1305,AMAC-Abuja-2023,97.3880597,Normal,12,3,Nigeria,Medium Score,"AMAC,Abuja,Nigeria"
PU760,Abuja,AMAC,Ward CF,2023,1350,660,630,25,1315,AMAC-Abuja-2023,97.40740741,Normal,12,3,Nigeria,Medium Score,"AMAC,Abuja,Nigeria"
PU768,Abuja,AMAC,Ward CG,2023,1360,665,635,25,1325,AMAC-Abuja-2023,97.42647059,Normal,12,3,Nigeria,Medium Score,"AMAC,Abuja,Nigeria"
PU776,Abuja,AMAC,Ward CH,2023,1370,670,640,25,1335,AMAC-Abuja-2023,97.44525547,Normal,12,3,Nigeria,Medium Score,"AMAC,Abuja,Nigeria"
PU784,Abuja,AMAC,Ward CI,2023,1380,675,645,25,1345,AMAC-Abuja-2023,97.46376812,Normal,12,3,Nigeria,Medium Score,"AMAC,Abuja,Nigeria"
PU792,Abuja,AMAC,Ward CJ,2023,1390,680,650,25,1355,AMAC-Abuja-2023,97.48201439,Normal,12,3,Nigeria,Medium Score,"AMAC,Abuja,Nigeria"
PU800,Abuja,AMAC,Ward CK,2023,1400,685,655,25,1365,AMAC-Abuja-2023,97.5,Normal,12,3,Nigeria,Medium Score,"AMAC,Abuja,Nigeria"
PU804,Abuja,AMAC,Ward CL,2019,1150,560,530,25,1115,AMAC-Abuja-2019,96.95652174,Normal,12,2,Nigeria,Low Risk,"AMAC,Abuja,Nigeria"
PU812,Abuja,AMAC,Ward CM,2019,1160,565,535,25,1125,AMAC-Abuja-2019,96.98275862,Normal,12,2,Nigeria,Low Risk,"AMAC,Abuja,Nigeria"
PU820,Abuja,AMAC,Ward CN,2019,1170,570,540,25,1135,AMAC-Abuja-2019,97.00854701,Normal,12,2,Nigeria,Low Risk,"AMAC,Abuja,Nigeria"
PU828,Abuja,AMAC,Ward CO,2019,1180,575,545,25,1145,AMAC-Abuja-2019,97.03389831,Normal,12,2,Nigeria,Low Risk,"AMAC,Abuja,Nigeria"
PU836,Abuja,AMAC,Ward CP,2019,1190,580,550,25,1155,AMAC-Abuja-2019,97.05882353,Normal,12,2,Nigeria,Low Risk,"AMAC,Abuja,Nigeria"
PU844,Abuja,AMAC,Ward CQ,2019,1200,585,555,25,1165,AMAC-Abuja-2019,97.08333333,Normal,12,2,Nigeria,Low Risk,"AMAC,Abuja,Nigeria"
PU852,Abuja,AMAC,Ward CR,2019,1210,590,560,25,1175,AMAC-Abuja-2019,97.10743802,Normal,12,2,Nigeria,Low Risk,"AMAC,Abuja,Nigeria"
PU860,Abuja,AMAC,Ward CS,2019,1220,595,565,25,1185,AMAC-Abuja-2019,97.13114754,Normal,12,2,Nigeria,Low Risk,"AMAC,Abuja,Nigeria"
PU868,Abuja,AMAC,Ward CT,2019,1230,600,570,25,1195,AMAC-Abuja-2019,97.15447154,Normal,12,2,Nigeria,Low Risk,"AMAC,Abuja,Nigeria"
PU876,Abuja,AMAC,Ward CU,2019,1240,605,575,25,1205,AMAC-Abuja-2019,97.17741935,Normal,12,2,Nigeria,Low Risk,"AMAC,Abuja,Nigeria"
PU884,Abuja,AMAC,Ward CV,2019,1250,610,580,25,1215,AMAC-Abuja-2019,97.2,Normal,12,2,Nigeria,Low Risk,"AMAC,Abuja,Nigeria"
PU892,Abuja,AMAC,Ward CW,2019,1260,615,585,25,1225,AMAC-Abuja-2019,97.22222222,Normal,12,2,Nigeria,Low Risk,"AMAC,Abuja,Nigeria"
PU900,Abuja,AMAC,Ward CX,2019,1270,620,590,25,1235,AMAC-Abuja-2019,97.24409449,Normal,12,2,Nigeria,Low Risk,"AMAC,Abuja,Nigeria"
PU904,Abuja,AMAC,Ward CY,2023,1280,625,595,25,1245,AMAC-Abuja-2023,97.265625,Normal,12,3,Nigeria,Medium Score,"AMAC,Abuja,Nigeria"
PU912,Abuja,AMAC,Ward CZ,2023,1290,630,600,25,1255,AMAC-Abuja-2023,97.28682171,Normal,12,3,Nigeria,Medium Score,"AMAC,Abuja,Nigeria"
PU920,Abuja,AMAC,Ward DA,2023,1300,635,605,25,1265,AMAC-Abuja-2023,97.30769231,Normal,12,3,Nigeria,Medium Score,"AMAC,Abuja,Nigeria"
PU928,Abuja,AMAC,Ward DB,2023,1310,640,610,25,1275,AMAC-Abuja-2023,97.32824427,Normal,12,3,Nigeria,Medium Score,"AMAC,Abuja,Nigeria"
PU936,Abuja,AMAC,Ward DC,2023,1320,645,615,25,1285,AMAC-Abuja-2023,97.34848485,Normal,12,3,Nigeria,Medium Score,"AMAC,Abuja,Nigeria"
PU944,Abuja,AMAC,Ward DD,2023,1330,650,620,25,1295,AMAC-Abuja-2023,97.36842105,Normal,12,3,Nigeria,Medium Score,"AMAC,Abuja,Nigeria"
PU952,Abuja,AMAC,Ward DE,2023,1340,655,625,25,1305,AMAC-Abuja-2023,97.3880597,Normal,12,3,Nigeria,Medium Score,"AMAC,Abuja,Nigeria"
PU960,Abuja,AMAC,Ward DF,2023,1350,660,630,25,1315,AMAC-Abuja-2023,97.40740741,Normal,12,3,Nigeria,Medium Score,"AMAC,Abuja,Nigeria"
PU968,Abuja,AMAC,Ward DG,2023,1360,665,635,25,1325,AMAC-Abuja-2023,97.42647059,Normal,12,3,Nigeria,Medium Score,"AMAC,Abuja,Nigeria"
PU976,Abuja,AMAC,Ward DH,2023,1370,670,640,25,1335,AMAC-Abuja-2023,97.44525547,Normal,12,3,Nigeria,Medium Score,"AMAC,Abuja,Nigeria"
PU984,Abuja,AMAC,Ward DI,2023,1380,675,645,25,1345,AMAC-Abuja-2023,97.46376812,Normal,12,3,Nigeria,Medium Score,"AMAC,Abuja,Nigeria"
PU992,Abuja,AMAC,Ward DJ,2023,1390,680,650,25,1355,AMAC-Abuja-2023,97.48201439,Normal,12,3,Nigeria,Medium Score,"AMAC,Abuja,Nigeria"
PU1000,Abuja,AMAC,Ward DK,2023,1400,685,655,25,1365,AMAC-Abuja-2023,97.5,Normal,12,3,Nigeria,Medium Score,"AMAC,Abuja,Nigeria"
PU401,Lagos,Surulere,Ward AM,2019,510,250,230,10,490,Surulere-Lagos-2019,96.07843137,Normal,14,3.785714286,Nigeria,Medium Score,"Surulere,Lagos,Nigeria"
PU409,Lagos,Surulere,Ward AN,2019,520,255,235,10,500,Surulere-Lagos-2019,96.15384615,Normal,14,3.785714286,Nigeria,Medium Score,"Surulere,Lagos,Nigeria"
PU417,Lagos,Surulere,Ward AO,2019,530,260,240,10,510,Surulere-Lagos-2019,96.22641509,Normal,14,3.785714286,Nigeria,Medium Score,"Surulere,Lagos,Nigeria"
PU425,Lagos,Surulere,Ward AP,2019,540,265,245,10,520,Surulere-Lagos-2019,96.2962963,Normal,14,3.785714286,Nigeria,Medium Score,"Surulere,Lagos,Nigeria"
PU433,Lagos,Surulere,Ward AQ,2019,550,270,250,10,530,Surulere-Lagos-2019,96.36363636,Normal,14,3.785714286,Nigeria,Medium Score,"Surulere,Lagos,Nigeria"
PU441,Lagos,Surulere,Ward AR,2019,560,275,255,10,540,Surulere-Lagos-2019,96.42857143,Normal,14,3.785714286,Nigeria,Medium Score,"Surulere,Lagos,Nigeria"
PU449,Lagos,Surulere,Ward AS,2019,570,280,260,10,550,Surulere-Lagos-2019,96.49122807,Normal,14,3.785714286,Nigeria,Medium Score,"Surulere,Lagos,Nigeria"
PU457,Lagos,Surulere,Ward AT,2019,580,285,265,10,560,Surulere-Lagos-2019,96.55172414,Normal,14,3.785714286,Nigeria,Medium Score,"Surulere,Lagos,Nigeria"
PU465,Lagos,Surulere,Ward AU,2019,590,290,270,10,570,Surulere-Lagos-2019,96.61016949,Normal,14,3.785714286,Nigeria,Medium Score,"Surulere,Lagos,Nigeria"
PU473,Lagos,Surulere,Ward AV,2019,600,295,275,10,580,Surulere-Lagos-2019,96.66666667,Normal,14,3.785714286,Nigeria,Medium Score,"Surulere,Lagos,Nigeria"
PU481,Lagos,Surulere,Ward AW,2019,610,300,280,10,590,Surulere-Lagos-2019,96.72131148,Normal,14,3.785714286,Nigeria,Medium Score,"Surulere,Lagos,Nigeria"
PU489,Lagos,Surulere,Ward AX,2019,620,305,285,10,600,Surulere-Lagos-2019,96.77419355,Normal,14,3.785714286,Nigeria,Medium Score,"Surulere,Lagos,Nigeria"
PU497,Lagos,Surulere,Ward AY,2019,630,310,290,10,610,Surulere-Lagos-2019,96.82539683,Normal,14,3.785714286,Nigeria,Medium Score,"Surulere,Lagos,Nigeria"
PU601,Lagos,Surulere,Ward BM,2019,500,240,220,10,470,Surulere-Lagos-2019,94,Normal,14,3.785714286,Nigeria,Medium Score,"Surulere,Lagos,Nigeria"
PU609,Lagos,Surulere,Ward BN,2019,510,245,225,10,480,Surulere-Lagos-2019,94.11764706,Normal,14,3.785714286,Nigeria,Medium Score,"Surulere,Lagos,Nigeria"
PU617,Lagos,Surulere,Ward BO,2019,520,250,230,10,490,Surulere-Lagos-2019,94.23076923,Normal,14,3.785714286,Nigeria,Medium Score,"Surulere,Lagos,Nigeria"
PU625,Lagos,Surulere,Ward BP,2019,530,255,235,10,500,Surulere-Lagos-2019,94.33962264,Normal,14,3.785714286,Nigeria,Medium Score,"Surulere,Lagos,Nigeria"
PU633,Lagos,Surulere,Ward BQ,2019,540,260,240,10,510,Surulere-Lagos-2019,94.44444444,Normal,14,3.785714286,Nigeria,Medium Score,"Surulere,Lagos,Nigeria"
PU641,Lagos,Surulere,Ward BR,2019,550,265,245,10,520,Surulere-Lagos-2019,94.54545455,Normal,14,3.785714286,Nigeria,Medium Score,"Surulere,Lagos,Nigeria"
PU649,Lagos,Surulere,Ward BS,2019,560,270,250,10,530,Surulere-Lagos-2019,94.64285714,Normal,14,3.785714286,Nigeria,Medium Score,"Surulere,Lagos,Nigeria"
PU657,Lagos,Surulere,Ward BT,2019,570,275,255,10,540,Surulere-Lagos-2019,94.73684211,Normal,14,3.785714286,Nigeria,Medium Score,"Surulere,Lagos,Nigeria"
PU665,Lagos,Surulere,Ward BU,2019,580,280,260,10,550,Surulere-Lagos-2019,94.82758621,Normal,14,3.785714286,Nigeria,Medium Score,"Surulere,Lagos,Nigeria"
PU673,Lagos,Surulere,Ward BV,2019,590,285,265,10,560,Surulere-Lagos-2019,94.91525424,Normal,14,3.785714286,Nigeria,Medium Score,"Surulere,Lagos,Nigeria"
PU681,Lagos,Surulere,Ward BW,2019,600,290,270,10,570,Surulere-Lagos-2019,95,Normal,14,3.785714286,Nigeria,Medium Score,"Surulere,Lagos,Nigeria"
PU689,Lagos,Surulere,Ward BX,2019,610,295,275,10,580,Surulere-Lagos-2019,95.08196721,Normal,14,3.785714286,Nigeria,Medium Score,"Surulere,Lagos,Nigeria"
PU697,Lagos,Surulere,Ward BY,2019,620,300,280,10,590,Surulere-Lagos-2019,95.16129032,Normal,14,3.785714286,Nigeria,Medium Score,"Surulere,Lagos,Nigeria"
PU701,Lagos,Surulere,Ward BZ,2023,630,305,285,10,600,Surulere-Lagos-2023,95.23809524,Normal,13,4.692307692,Nigeria,Medium Score,"Surulere,Lagos,Nigeria"
PU709,Lagos,Surulere,Ward CA,2023,640,310,290,10,610,Surulere-Lagos-2023,95.3125,Normal,13,4.692307692,Nigeria,Medium Score,"Surulere,Lagos,Nigeria"
PU717,Lagos,Surulere,Ward CB,2023,650,315,295,10,620,Surulere-Lagos-2023,95.38461538,Normal,13,4.692307692,Nigeria,Medium Score,"Surulere,Lagos,Nigeria"
PU725,Lagos,Surulere,Ward CC,2023,660,320,300,10,630,Surulere-Lagos-2023,95.45454545,Normal,13,4.692307692,Nigeria,Medium Score,"Surulere,Lagos,Nigeria"
PU733,Lagos,Surulere,Ward CD,2023,670,325,305,10,640,Surulere-Lagos-2023,95.52238806,Normal,13,4.692307692,Nigeria,Medium Score,"Surulere,Lagos,Nigeria"
PU741,Lagos,Surulere,Ward CE,2023,680,330,310,10,650,Surulere-Lagos-2023,95.58823529,Normal,13,4.692307692,Nigeria,Medium Score,"Surulere,Lagos,Nigeria"
PU749,Lagos,Surulere,Ward CF,2023,690,335,315,10,660,Surulere-Lagos-2023,95.65217391,Normal,13,4.692307692,Nigeria,Medium Score,"Surulere,Lagos,Nigeria"
PU757,Lagos,Surulere,Ward CG,2023,700,340,320,10,670,Surulere-Lagos-2023,95.71428571,Normal,13,4.692307692,Nigeria,Medium Score,"Surulere,Lagos,Nigeria"
PU765,Lagos,Surulere,Ward CH,2023,710,345,325,10,680,Surulere-Lagos-2023,95.77464789,Normal,13,4.692307692,Nigeria,Medium Score,"Surulere,Lagos,Nigeria"
PU773,Lagos,Surulere,Ward CI,2023,720,350,330,10,690,Surulere-Lagos-2023,95.83333333,Normal,13,4.692307692,Nigeria,Medium Score,"Surulere,Lagos,Nigeria"
PU781,Lagos,Surulere,Ward CJ,2023,730,355,335,10,700,Surulere-Lagos-2023,95.89041096,Normal,13,4.692307692,Nigeria,Medium Score,"Surulere,Lagos,Nigeria"
PU789,Lagos,Surulere,Ward CK,2023,740,360,340,10,710,Surulere-Lagos-2023,95.94594595,Normal,13,4.692307692,Nigeria,Medium Score,"Surulere,Lagos,Nigeria"
PU797,Lagos,Surulere,Ward CL,2023,750,365,345,10,720,Surulere-Lagos-2023,96,Normal,13,4.692307692,Nigeria,Medium Score,"Surulere,Lagos,Nigeria"
PU801,Lagos,Surulere,Ward CM,2019,500,240,220,10,470,Surulere-Lagos-2019,94,Normal,14,3.785714286,Nigeria,Medium Score,"Surulere,Lagos,Nigeria"
PU809,Lagos,Surulere,Ward CN,2019,510,245,225,10,480,Surulere-Lagos-2019,94.11764706,Normal,14,3.785714286,Nigeria,Medium Score,"Surulere,Lagos,Nigeria"
PU817,Lagos,Surulere,Ward CO,2019,520,250,230,10,490,Surulere-Lagos-2019,94.23076923,Normal,14,3.785714286,Nigeria,Medium Score,"Surulere,Lagos,Nigeria"
PU825,Lagos,Surulere,Ward CP,2019,530,255,235,10,500,Surulere-Lagos-2019,94.33962264,Normal,14,3.785714286,Nigeria,Medium Score,"Surulere,Lagos,Nigeria"
PU833,Lagos,Surulere,Ward CQ,2019,540,260,240,10,510,Surulere-Lagos-2019,94.44444444,Normal,14,3.785714286,Nigeria,Medium Score,"Surulere,Lagos,Nigeria"
PU841,Lagos,Surulere,Ward CR,2019,550,265,245,10,520,Surulere-Lagos-2019,94.54545455,Normal,14,3.785714286,Nigeria,Medium Score,"Surulere,Lagos,Nigeria"
PU849,Lagos,Surulere,Ward CS,2019,560,270,250,10,530,Surulere-Lagos-2019,94.64285714,Normal,14,3.785714286,Nigeria,Medium Score,"Surulere,Lagos,Nigeria"
PU857,Lagos,Surulere,Ward CT,2019,570,275,255,10,540,Surulere-Lagos-2019,94.73684211,Normal,14,3.785714286,Nigeria,Medium Score,"Surulere,Lagos,Nigeria"
PU865,Lagos,Surulere,Ward CU,2019,580,280,260,10,550,Surulere-Lagos-2019,94.82758621,Normal,14,3.785714286,Nigeria,Medium Score,"Surulere,Lagos,Nigeria"
PU873,Lagos,Surulere,Ward CV,2019,590,285,265,10,560,Surulere-Lagos-2019,94.91525424,Normal,14,3.785714286,Nigeria,Medium Score,"Surulere,Lagos,Nigeria"
PU881,Lagos,Surulere,Ward CW,2019,600,290,270,10,570,Surulere-Lagos-2019,95,Normal,14,3.785714286,Nigeria,Medium Score,"Surulere,Lagos,Nigeria"
PU889,Lagos,Surulere,Ward CX,2019,610,295,275,10,580,Surulere-Lagos-2019,95.08196721,Normal,14,3.785714286,Nigeria,Medium Score,"Surulere,Lagos,Nigeria"
PU897,Lagos,Surulere,Ward CY,2019,620,300,280,10,590,Surulere-Lagos-2019,95.16129032,Normal,14,3.785714286,Nigeria,Medium Score,"Surulere,Lagos,Nigeria"
PU901,Lagos,Surulere,Ward CZ,2023,630,305,285,10,600,Surulere-Lagos-2023,95.23809524,Normal,13,4.692307692,Nigeria,Medium Score,"Surulere,Lagos,Nigeria"
PU909,Lagos,Surulere,Ward DA,2023,640,310,290,10,610,Surulere-Lagos-2023,95.3125,Normal,13,4.692307692,Nigeria,Medium Score,"Surulere,Lagos,Nigeria"
PU917,Lagos,Surulere,Ward DB,2023,650,315,295,10,620,Surulere-Lagos-2023,95.38461538,Normal,13,4.692307692,Nigeria,Medium Score,"Surulere,Lagos,Nigeria"
PU925,Lagos,Surulere,Ward DC,2023,660,320,300,10,630,Surulere-Lagos-2023,95.45454545,Normal,13,4.692307692,Nigeria,Medium Score,"Surulere,Lagos,Nigeria"
PU933,Lagos,Surulere,Ward DD,2023,670,325,305,10,640,Surulere-Lagos-2023,95.52238806,Normal,13,4.692307692,Nigeria,Medium Score,"Surulere,Lagos,Nigeria"
PU941,Lagos,Surulere,Ward DE,2023,680,330,310,10,650,Surulere-Lagos-2023,95.58823529,Normal,13,4.692307692,Nigeria,Medium Score,"Surulere,Lagos,Nigeria"
PU949,Lagos,Surulere,Ward DF,2023,690,335,315,10,660,Surulere-Lagos-2023,95.65217391,Normal,13,4.692307692,Nigeria,Medium Score,"Surulere,Lagos,Nigeria"
PU957,Lagos,Surulere,Ward DG,2023,700,340,320,10,670,Surulere-Lagos-2023,95.71428571,Normal,13,4.692307692,Nigeria,Medium Score,"Surulere,Lagos,Nigeria"
PU965,Lagos,Surulere,Ward DH,2023,710,345,325,10,680,Surulere-Lagos-2023,95.77464789,Normal,13,4.692307692,Nigeria,Medium Score,"Surulere,Lagos,Nigeria"
PU973,Lagos,Surulere,Ward DI,2023,720,350,330,10,690,Surulere-Lagos-2023,95.83333333,Normal,13,4.692307692,Nigeria,Medium Score,"Surulere,Lagos,Nigeria"
PU981,Lagos,Surulere,Ward DJ,2023,730,355,335,10,700,Surulere-Lagos-2023,95.89041096,Normal,13,4.692307692,Nigeria,Medium Score,"Surulere,Lagos,Nigeria"
PU989,Lagos,Surulere,Ward DK,2023,740,360,340,10,710,Surulere-Lagos-2023,95.94594595,Normal,13,4.692307692,Nigeria,Medium Score,"Surulere,Lagos,Nigeria"
PU997,Lagos,Surulere,Ward DL,2023,750,365,345,10,720,Surulere-Lagos-2023,96,Normal,13,4.692307692,Nigeria,Medium Score,"Surulere,Lagos,Nigeria"
PU001,Lagos,Surulere,Ward A,2019,500,245,189,55,489,Surulere-Lagos-2019,97.8,Normal,14,3.785714286,Nigeria,Medium Score,"Surulere,Lagos,Nigeria"
PU005,Kano,Nassarawa,Ward B,2019,750,380,320,40,740,Nassarawa-Kano-2019,98.66666667,Normal,14,3.785714286,Nigeria,Medium Score,"Nassarawa,Kano,Nigeria"
PU010,Lagos,Eti-Osa,Ward C,2019,550,270,230,0,500,Eti-Osa-Lagos-2019,90.90909091,Normal,12,2.416666667,Nigeria,Medium Score,"Eti-Osa,Lagos,Nigeria"
PU009,Rivers,Port Harcourt,Ward D,2019,700,350,0,30,680,Port Harcourt-Rivers-2019,97.14285714,Normal,13,4.307692308,Nigeria,Medium Score,"Port Harcourt,Rivers,Nigeria"
PU011,Abuja,AMAC,Ward A,2019,1200,600,500,90,1190,AMAC-Abuja-2019,99.16666667,Normal,12,2,Nigeria,Low Risk,"AMAC,Abuja,Nigeria"
PU016,Abuja,AMAC,Ward A,2019,1100,540,520,35,1095,AMAC-Abuja-2019,99.54545455,Normal,12,2,Nigeria,Low Risk,"AMAC,Abuja,Nigeria"
PU012,Abuja,Bwari,Ward B,2019,950,480,420,45,945,Bwari-Abuja-2019,99.47368421,Normal,12,3,Nigeria,Medium Score,"Bwari,Abuja,Nigeria"
PU006,Kano,Fagge,Ward A,2019,620,290,280,45,615,Fagge-Kano-2019,99.19354839,Normal,12,3.833333333,Nigeria,Medium Score,"Fagge,Kano,Nigeria"
PU008,Rivers,Obio/Akpor,Ward F,2019,850,420,380,48,848,Obio/Akpor-Rivers-2019,99.76470588,Normal,12,3.916666667,Nigeria,Medium Score,"Obio/Akpor,Rivers,Nigeria"
PU019,Rivers,Port Harcourt,Ward D,2019,880,440,420,18,878,Port Harcourt-Rivers-2019,99.77272727,Normal,13,4.307692308,Nigeria,Medium Score,"Port Harcourt,Rivers,Nigeria"
PU022,Kano,Nassarawa,Ward C,2019,820,400,380,30,810,Nassarawa-Kano-2019,98.7804878,Normal,14,3.785714286,Nigeria,Medium Score,"Nassarawa,Kano,Nigeria"
PU023,Rivers,Obio/Akpor,Ward G,2019,890,430,410,40,880,Obio/Akpor-Rivers-2019,98.87640449,Normal,12,3.916666667,Nigeria,Medium Score,"Obio/Akpor,Rivers,Nigeria"
PU024,Abuja,AMAC,Ward B,2019,1150,570,530,45,1145,AMAC-Abuja-2019,99.56521739,Normal,12,2,Nigeria,Low Risk,"AMAC,Abuja,Nigeria"
PU026,Kano,Fagge,Ward B,2019,660,320,300,35,655,Fagge-Kano-2019,99.24242424,Normal,12,3.833333333,Nigeria,Medium Score,"Fagge,Kano,Nigeria"
PU027,Rivers,Port Harcourt,Ward E,2019,920,460,420,35,915,Port Harcourt-Rivers-2019,99.45652174,Normal,13,4.307692308,Nigeria,Medium Score,"Port Harcourt,Rivers,Nigeria"
PU028,Abuja,Bwari,Ward C,2019,980,490,450,30,970,Bwari-Abuja-2019,98.97959184,Normal,12,3,Nigeria,Medium Score,"Bwari,Abuja,Nigeria"
PU030,Kano,Nassarawa,Ward D,2019,790,390,360,30,780,Nassarawa-Kano-2019,98.73417722,Normal,14,3.785714286,Nigeria,Medium Score,"Nassarawa,Kano,Nigeria"
PU031,Rivers,Obio/Akpor,Ward H,2019,860,420,400,30,850,Obio/Akpor-Rivers-2019,98.8372093,Normal,12,3.916666667,Nigeria,Medium Score,"Obio/Akpor,Rivers,Nigeria"
PU032,Abuja,AMAC,Ward C,2019,1080,530,500,40,1070,AMAC-Abuja-2019,99.07407407,Normal,12,2,Nigeria,Low Risk,"AMAC,Abuja,Nigeria"
PU035,Rivers,Port Harcourt,Ward F,2019,910,455,420,30,905,Port Harcourt-Rivers-2019,99.45054945,Normal,13,4.307692308,Nigeria,Medium Score,"Port Harcourt,Rivers,Nigeria"
PU036,Abuja,Bwari,Ward D,2019,960,480,440,35,955,Bwari-Abuja-2019,99.47916667,Normal,12,3,Nigeria,Medium Score,"Bwari,Abuja,Nigeria"
PU038,Kano,Nassarawa,Ward E,2019,770,380,350,35,765,Nassarawa-Kano-2019,99.35064935,Normal,14,3.785714286,Nigeria,Medium Score,"Nassarawa,Kano,Nigeria"
PU039,Rivers,Obio/Akpor,Ward I,2019,840,410,390,35,835,Obio/Akpor-Rivers-2019,99.4047619,Normal,12,3.916666667,Nigeria,Medium Score,"Obio/Akpor,Rivers,Nigeria"
PU042,Kano,Fagge,Ward D,2019,650,320,300,30,645,Fagge-Kano-2019,99.23076923,Normal,12,3.833333333,Nigeria,Medium Score,"Fagge,Kano,Nigeria"
PU043,Rivers,Port Harcourt,Ward G,2019,930,465,430,30,925,Port Harcourt-Rivers-2019,99.46236559,Normal,13,4.307692308,Nigeria,Medium Score,"Port Harcourt,Rivers,Nigeria"
PU044,Abuja,Bwari,Ward E,2019,990,495,460,30,985,Bwari-Abuja-2019,99.49494949,Normal,12,3,Nigeria,Medium Score,"Bwari,Abuja,Nigeria"
PU048,Abuja,AMAC,Ward E,2019,1090,545,510,35,1085,AMAC-Abuja-2019,99.5412844,Normal,12,2,Nigeria,Low Risk,"AMAC,Abuja,Nigeria"
PU051,Rivers,Port Harcourt,Ward H,2019,940,470,435,30,935,Port Harcourt-Rivers-2019,99.46808511,Normal,13,4.307692308,Nigeria,Medium Score,"Port Harcourt,Rivers,Nigeria"
PU052,Abuja,Bwari,Ward F,2019,1000,500,465,35,995,Bwari-Abuja-2019,99.5,Normal,12,3,Nigeria,Medium Score,"Bwari,Abuja,Nigeria"
PU054,Kano,Nassarawa,Ward G,2019,810,405,375,30,805,Nassarawa-Kano-2019,99.38271605,Normal,14,3.785714286,Nigeria,Medium Score,"Nassarawa,Kano,Nigeria"
PU056,Abuja,AMAC,Ward F,2019,1140,570,535,35,1135,AMAC-Abuja-2019,99.56140351,Normal,12,2,Nigeria,Low Risk,"AMAC,Abuja,Nigeria"
PU059,Rivers,Port Harcourt,Ward I,2019,950,475,440,35,945,Port Harcourt-Rivers-2019,99.47368421,Normal,13,4.307692308,Nigeria,Medium Score,"Port Harcourt,Rivers,Nigeria"
PU060,Abuja,Bwari,Ward G,2019,1010,505,470,30,1005,Bwari-Abuja-2019,99.5049505,Normal,12,3,Nigeria,Medium Score,"Bwari,Abuja,Nigeria"
PU062,Kano,Nassarawa,Ward H,2019,830,415,385,30,825,Nassarawa-Kano-2019,99.39759036,Normal,14,3.785714286,Nigeria,Medium Score,"Nassarawa,Kano,Nigeria"
PU064,Abuja,AMAC,Ward G,2019,1110,555,520,35,1105,AMAC-Abuja-2019,99.54954955,Normal,12,2,Nigeria,Low Risk,"AMAC,Abuja,Nigeria"
PU067,Rivers,Port Harcourt,Ward J,2019,960,480,445,35,955,Port Harcourt-Rivers-2019,99.47916667,Normal,13,4.307692308,Nigeria,Medium Score,"Port Harcourt,Rivers,Nigeria"
PU068,Abuja,Bwari,Ward H,2019,1020,510,475,35,1015,Bwari-Abuja-2019,99.50980392,Normal,12,3,Nigeria,Medium Score,"Bwari,Abuja,Nigeria"
PU070,Kano,Nassarawa,Ward I,2019,840,420,390,30,835,Nassarawa-Kano-2019,99.4047619,Normal,14,3.785714286,Nigeria,Medium Score,"Nassarawa,Kano,Nigeria"
PU072,Abuja,AMAC,Ward H,2019,1130,565,530,35,1125,AMAC-Abuja-2019,99.55752212,Normal,12,2,Nigeria,Low Risk,"AMAC,Abuja,Nigeria"
PU075,Rivers,Port Harcourt,Ward K,2019,970,485,450,35,965,Port Harcourt-Rivers-2019,99.48453608,Normal,13,4.307692308,Nigeria,Medium Score,"Port Harcourt,Rivers,Nigeria"
PU076,Abuja,Bwari,Ward I,2019,1030,515,480,35,1025,Bwari-Abuja-2019,99.51456311,Normal,12,3,Nigeria,Medium Score,"Bwari,Abuja,Nigeria"
PU078,Kano,Nassarawa,Ward J,2019,850,425,395,30,845,Nassarawa-Kano-2019,99.41176471,Normal,14,3.785714286,Nigeria,Medium Score,"Nassarawa,Kano,Nigeria"
PU080,Abuja,AMAC,Ward I,2019,1150,575,540,35,1145,AMAC-Abuja-2019,99.56521739,Normal,12,2,Nigeria,Low Risk,"AMAC,Abuja,Nigeria"
PU083,Rivers,Port Harcourt,Ward L,2019,980,490,455,35,975,Port Harcourt-Rivers-2019,99.48979592,Normal,13,4.307692308,Nigeria,Medium Score,"Port Harcourt,Rivers,Nigeria"
PU084,Abuja,Bwari,Ward J,2019,1040,520,485,35,1035,Bwari-Abuja-2019,99.51923077,Normal,12,3,Nigeria,Medium Score,"Bwari,Abuja,Nigeria"
PU086,Kano,Nassarawa,Ward K,2019,860,430,400,30,855,Nassarawa-Kano-2019,99.41860465,Normal,14,3.785714286,Nigeria,Medium Score,"Nassarawa,Kano,Nigeria"
PU088,Abuja,AMAC,Ward J,2019,1160,580,545,35,1155,AMAC-Abuja-2019,99.56896552,Normal,12,2,Nigeria,Low Risk,"AMAC,Abuja,Nigeria"
PU091,Rivers,Port Harcourt,Ward M,2019,990,495,460,35,985,Port Harcourt-Rivers-2019,99.49494949,Normal,13,4.307692308,Nigeria,Medium Score,"Port Harcourt,Rivers,Nigeria"
PU092,Abuja,Bwari,Ward K,2019,1050,525,490,35,1045,Bwari-Abuja-2019,99.52380952,Normal,12,3,Nigeria,Medium Score,"Bwari,Abuja,Nigeria"
PU094,Kano,Nassarawa,Ward L,2019,870,435,405,30,865,Nassarawa-Kano-2019,99.42528736,Normal,14,3.785714286,Nigeria,Medium Score,"Nassarawa,Kano,Nigeria"
PU096,Abuja,AMAC,Ward K,2019,1170,585,550,35,1165,AMAC-Abuja-2019,99.57264957,Normal,12,2,Nigeria,Low Risk,"AMAC,Abuja,Nigeria"
PU099,Rivers,Port Harcourt,Ward N,2019,1000,500,465,35,995,Port Harcourt-Rivers-2019,99.5,Normal,13,4.307692308,Nigeria,Medium Score,"Port Harcourt,Rivers,Nigeria"
PU100,Abuja,Bwari,Ward L,2019,1060,530,495,35,1055,Bwari-Abuja-2019,99.52830189,Normal,12,3,Nigeria,Medium Score,"Bwari,Abuja,Nigeria"
PU109,Rivers,Port Harcourt,Ward D,2023,700,370,0,35,405,Port Harcourt-Rivers-2023,57.85714286,Normal,13,4.769230769,Nigeria,Medium Score,"Port Harcourt,Rivers,Nigeria"
PU304,Abuja,AMAC,Ward Y,2019,1180,580,545,30,1175,AMAC-Abuja-2019,99.57627119,Normal,12,2,Nigeria,Low Risk,"AMAC,Abuja,Nigeria"
PU307,Rivers,Port Harcourt,Ward AA,2019,960,480,445,30,955,Port Harcourt-Rivers-2019,99.47916667,Normal,13,4.307692308,Nigeria,Medium Score,"Port Harcourt,Rivers,Nigeria"
PU308,Abuja,Bwari,Ward Y,2019,1020,510,475,30,1015,Bwari-Abuja-2019,99.50980392,Normal,12,3,Nigeria,Medium Score,"Bwari,Abuja,Nigeria"
PU312,Abuja,AMAC,Ward Z,2019,1190,595,560,30,1185,AMAC-Abuja-2019,99.57983193,Normal,12,2,Nigeria,Low Risk,"AMAC,Abuja,Nigeria"
PU315,Rivers,Port Harcourt,Ward AB,2019,970,485,450,30,965,Port Harcourt-Rivers-2019,99.48453608,Normal,13,4.307692308,Nigeria,Medium Score,"Port Harcourt,Rivers,Nigeria"
PU316,Abuja,Bwari,Ward Z,2019,1030,515,480,30,1025,Bwari-Abuja-2019,99.51456311,Normal,12,3,Nigeria,Medium Score,"Bwari,Abuja,Nigeria"
PU320,Abuja,AMAC,Ward AA,2019,1200,600,565,30,1195,AMAC-Abuja-2019,99.58333333,Normal,12,2,Nigeria,Low Risk,"AMAC,Abuja,Nigeria"
PU323,Rivers,Port Harcourt,Ward AC,2019,980,490,455,30,975,Port Harcourt-Rivers-2019,99.48979592,Normal,13,4.307692308,Nigeria,Medium Score,"Port Harcourt,Rivers,Nigeria"
PU324,Abuja,Bwari,Ward AA,2019,1040,520,485,30,1035,Bwari-Abuja-2019,99.51923077,Normal,12,3,Nigeria,Medium Score,"Bwari,Abuja,Nigeria"
PU328,Abuja,AMAC,Ward AB,2019,1210,605,570,30,1205,AMAC-Abuja-2019,99.58677686,Normal,12,2,Nigeria,Low Risk,"AMAC,Abuja,Nigeria"
PU331,Rivers,Port Harcourt,Ward AD,2019,990,495,460,30,985,Port Harcourt-Rivers-2019,99.49494949,Normal,13,4.307692308,Nigeria,Medium Score,"Port Harcourt,Rivers,Nigeria"
PU332,Abuja,Bwari,Ward AB,2019,1050,525,490,30,1045,Bwari-Abuja-2019,99.52380952,Normal,12,3,Nigeria,Medium Score,"Bwari,Abuja,Nigeria"
PU336,Abuja,AMAC,Ward AC,2019,1220,610,575,30,1215,AMAC-Abuja-2019,99.59016393,Normal,12,2,Nigeria,Low Risk,"AMAC,Abuja,Nigeria"
PU339,Rivers,Port Harcourt,Ward AE,2019,1000,500,465,30,995,Port Harcourt-Rivers-2019,99.5,Normal,13,4.307692308,Nigeria,Medium Score,"Port Harcourt,Rivers,Nigeria"
PU340,Abuja,Bwari,Ward AC,2019,1060,530,495,30,1055,Bwari-Abuja-2019,99.52830189,Normal,12,3,Nigeria,Medium Score,"Bwari,Abuja,Nigeria"
PU344,Abuja,AMAC,Ward AD,2019,1230,615,580,30,1225,AMAC-Abuja-2019,99.59349593,Normal,12,2,Nigeria,Low Risk,"AMAC,Abuja,Nigeria"
PU347,Rivers,Port Harcourt,Ward AF,2019,1010,505,470,30,1005,Port Harcourt-Rivers-2019,99.5049505,Normal,13,4.307692308,Nigeria,Medium Score,"Port Harcourt,Rivers,Nigeria"
PU348,Abuja,Bwari,Ward AD,2019,1070,535,500,30,1065,Bwari-Abuja-2019,99.53271028,Normal,12,3,Nigeria,Medium Score,"Bwari,Abuja,Nigeria"
PU352,Abuja,AMAC,Ward AE,2019,1240,620,585,30,1235,AMAC-Abuja-2019,99.59677419,Normal,12,2,Nigeria,Low Risk,"AMAC,Abuja,Nigeria"
PU355,Rivers,Port Harcourt,Ward AG,2019,1020,510,475,30,1015,Port Harcourt-Rivers-2019,99.50980392,Normal,13,4.307692308,Nigeria,Medium Score,"Port Harcourt,Rivers,Nigeria"
PU356,Abuja,Bwari,Ward AE,2019,1080,540,505,30,1075,Bwari-Abuja-2019,99.53703704,Normal,12,3,Nigeria,Medium Score,"Bwari,Abuja,Nigeria"
PU360,Abuja,AMAC,Ward AF,2019,1250,625,590,30,1245,AMAC-Abuja-2019,99.6,Normal,12,2,Nigeria,Low Risk,"AMAC,Abuja,Nigeria"
PU363,Rivers,Port Harcourt,Ward AH,2019,1030,515,480,30,1025,Port Harcourt-Rivers-2019,99.51456311,Normal,13,4.307692308,Nigeria,Medium Score,"Port Harcourt,Rivers,Nigeria"
PU364,Abuja,Bwari,Ward AF,2019,1090,545,510,30,1085,Bwari-Abuja-2019,99.5412844,Normal,12,3,Nigeria,Medium Score,"Bwari,Abuja,Nigeria"
PU368,Abuja,AMAC,Ward AG,2019,1260,630,595,30,1255,AMAC-Abuja-2019,99.6031746,Normal,12,2,Nigeria,Low Risk,"AMAC,Abuja,Nigeria"
PU371,Rivers,Port Harcourt,Ward AI,2019,1040,520,485,30,1035,Port Harcourt-Rivers-2019,99.51923077,Normal,13,4.307692308,Nigeria,Medium Score,"Port Harcourt,Rivers,Nigeria"
PU372,Abuja,Bwari,Ward AG,2019,1100,550,515,30,1095,Bwari-Abuja-2019,99.54545455,Normal,12,3,Nigeria,Medium Score,"Bwari,Abuja,Nigeria"
PU376,Abuja,AMAC,Ward AH,2019,1270,635,600,30,1265,AMAC-Abuja-2019,99.60629921,Normal,12,2,Nigeria,Low Risk,"AMAC,Abuja,Nigeria"
PU379,Rivers,Port Harcourt,Ward AJ,2019,1050,525,490,30,1045,Port Harcourt-Rivers-2019,99.52380952,Normal,13,4.307692308,Nigeria,Medium Score,"Port Harcourt,Rivers,Nigeria"
PU380,Abuja,Bwari,Ward AH,2019,1110,555,520,30,1105,Bwari-Abuja-2019,99.54954955,Normal,12,3,Nigeria,Medium Score,"Bwari,Abuja,Nigeria"
PU384,Abuja,AMAC,Ward AI,2019,1280,640,605,30,1275,AMAC-Abuja-2019,99.609375,Normal,12,2,Nigeria,Low Risk,"AMAC,Abuja,Nigeria"
PU387,Rivers,Port Harcourt,Ward AK,2019,1060,530,495,30,1055,Port Harcourt-Rivers-2019,99.52830189,Normal,13,4.307692308,Nigeria,Medium Score,"Port Harcourt,Rivers,Nigeria"
PU388,Abuja,Bwari,Ward AI,2019,1120,560,525,30,1115,Bwari-Abuja-2019,99.55357143,Normal,12,3,Nigeria,Medium Score,"Bwari,Abuja,Nigeria"
PU392,Abuja,AMAC,Ward AJ,2019,1290,645,610,30,1285,AMAC-Abuja-2019,99.6124031,Normal,12,2,Nigeria,Low Risk,"AMAC,Abuja,Nigeria"
PU395,Rivers,Port Harcourt,Ward AL,2019,1070,535,500,30,1065,Port Harcourt-Rivers-2019,99.53271028,Normal,13,4.307692308,Nigeria,Medium Score,"Port Harcourt,Rivers,Nigeria"
PU396,Abuja,Bwari,Ward AJ,2019,1130,565,530,30,1125,Bwari-Abuja-2019,99.55752212,Normal,12,3,Nigeria,Medium Score,"Bwari,Abuja,Nigeria"
PU400,Abuja,AMAC,Ward AK,2019,1300,650,615,30,1295,AMAC-Abuja-2019,99.61538462,Normal,12,2,Nigeria,Low Risk,"AMAC,Abuja,Nigeria"
PU004,Kano,Nassarawa,Ward B,2019,800,400,350,50,810,Nassarawa-Kano-2019,101.25,Over-voting,14,3.785714286,Nigeria,High Score,"Nassarawa,Kano,Nigeria"
PU007,Rivers,Port Harcourt,Ward D,2019,900,450,400,55,905,Port Harcourt-Rivers-2019,100.5555556,Over-voting,13,4.307692308,Nigeria,High Score,"Port Harcourt,Rivers,Nigeria"
PU101,Lagos,Surulere,Ward A,2023,500,260,195,60,515,Surulere-Lagos-2023,103,Over-voting,13,4.692307692,Nigeria,High Score,"Surulere,Lagos,Nigeria"
PU103,Lagos,Eti-Osa,Ward C,2023,600,320,210,95,625,Eti-Osa-Lagos-2023,104.1666667,Over-voting,12,3.833333333,Nigeria,High Score,"Eti-Osa,Lagos,Nigeria"
PU104,Kano,Nassarawa,Ward B,2023,800,420,360,55,835,Nassarawa-Kano-2023,104.375,Over-voting,13,4.769230769,Nigeria,High Score,"Nassarawa,Kano,Nigeria"
PU105,Kano,Nassarawa,Ward B,2023,750,390,330,45,765,Nassarawa-Kano-2023,102,Over-voting,13,4.769230769,Nigeria,High Score,"Nassarawa,Kano,Nigeria"
PU106,Kano,Fagge,Ward A,2023,620,300,290,50,640,Fagge-Kano-2023,103.2258065,Over-voting,12,4.833333333,Nigeria,High Score,"Fagge,Kano,Nigeria"
PU107,Rivers,Port Harcourt,Ward D,2023,900,470,410,60,940,Port Harcourt-Rivers-2023,104.4444444,Over-voting,13,4.769230769,Nigeria,High Score,"Port Harcourt,Rivers,Nigeria"
PU108,Rivers,Obio/Akpor,Ward F,2023,850,440,390,52,882,Obio/Akpor-Rivers-2023,103.7647059,Over-voting,12,4.833333333,Nigeria,High Score,"Obio/Akpor,Rivers,Nigeria"
PU111,Abuja,AMAC,Ward A,2023,1200,620,510,95,1225,AMAC-Abuja-2023,102.0833333,Over-voting,12,3,Nigeria,High Score,"AMAC,Abuja,Nigeria"
PU112,Abuja,Bwari,Ward B,2023,950,490,430,50,970,Bwari-Abuja-2023,102.1052632,Over-voting,12,4,Nigeria,High Score,"Bwari,Abuja,Nigeria"
PU113,Kano,Nassarawa,Ward B,2023,780,400,380,25,805,Nassarawa-Kano-2023,103.2051282,Over-voting,13,4.769230769,Nigeria,High Score,"Nassarawa,Kano,Nigeria"
PU114,Lagos,Surulere,Ward A,2023,510,270,250,15,535,Surulere-Lagos-2023,104.9019608,Over-voting,13,4.692307692,Nigeria,High Score,"Surulere,Lagos,Nigeria"
PU115,Rivers,Obio/Akpor,Ward F,2023,820,430,405,20,855,Obio/Akpor-Rivers-2023,104.2682927,Over-voting,12,4.833333333,Nigeria,High Score,"Obio/Akpor,Rivers,Nigeria"
PU116,Abuja,AMAC,Ward A,2023,1100,560,530,40,1130,AMAC-Abuja-2023,102.7272727,Over-voting,12,3,Nigeria,High Score,"AMAC,Abuja,Nigeria"
PU117,Kano,Fagge,Ward A,2023,640,310,320,30,660,Fagge-Kano-2023,103.125,Over-voting,12,4.833333333,Nigeria,High Score,"Fagge,Kano,Nigeria"
PU118,Lagos,Eti-Osa,Ward C,2023,580,300,280,20,600,Eti-Osa-Lagos-2023,103.4482759,Over-voting,12,3.833333333,Nigeria,High Score,"Eti-Osa,Lagos,Nigeria"
PU119,Rivers,Port Harcourt,Ward D,2023,880,460,430,22,912,Port Harcourt-Rivers-2023,103.6363636,Over-voting,13,4.769230769,Nigeria,High Score,"Port Harcourt,Rivers,Nigeria"
PU120,Abuja,Bwari,Ward B,2023,970,500,470,25,995,Bwari-Abuja-2023,102.5773196,Over-voting,12,4,Nigeria,High Score,"Bwari,Abuja,Nigeria"
PU121,Lagos,Surulere,Ward B,2023,530,270,260,25,555,Surulere-Lagos-2023,104.7169811,Over-voting,13,4.692307692,Nigeria,High Score,"Surulere,Lagos,Nigeria"
PU122,Kano,Nassarawa,Ward C,2023,820,420,390,35,845,Nassarawa-Kano-2023,103.0487805,Over-voting,13,4.769230769,Nigeria,High Score,"Nassarawa,Kano,Nigeria"
PU123,Rivers,Obio/Akpor,Ward G,2023,890,450,420,45,915,Obio/Akpor-Rivers-2023,102.8089888,Over-voting,12,4.833333333,Nigeria,High Score,"Obio/Akpor,Rivers,Nigeria"
PU124,Abuja,AMAC,Ward B,2023,1150,590,540,50,1180,AMAC-Abuja-2023,102.6086957,Over-voting,12,3,Nigeria,High Score,"AMAC,Abuja,Nigeria"
PU125,Lagos,Eti-Osa,Ward D,2023,620,320,290,30,640,Eti-Osa-Lagos-2023,103.2258065,Over-voting,12,3.833333333,Nigeria,High Score,"Eti-Osa,Lagos,Nigeria"
PU126,Kano,Fagge,Ward B,2023,660,330,310,40,680,Fagge-Kano-2023,103.030303,Over-voting,12,4.833333333,Nigeria,High Score,"Fagge,Kano,Nigeria"
PU127,Rivers,Port Harcourt,Ward E,2023,920,480,430,40,950,Port Harcourt-Rivers-2023,103.2608696,Over-voting,13,4.769230769,Nigeria,High Score,"Port Harcourt,Rivers,Nigeria"
PU128,Abuja,Bwari,Ward C,2023,980,500,460,35,995,Bwari-Abuja-2023,101.5306122,Over-voting,12,4,Nigeria,High Score,"Bwari,Abuja,Nigeria"
PU129,Lagos,Surulere,Ward C,2023,540,280,260,20,560,Surulere-Lagos-2023,103.7037037,Over-voting,13,4.692307692,Nigeria,High Score,"Surulere,Lagos,Nigeria"
PU130,Kano,Nassarawa,Ward D,2023,790,410,370,35,815,Nassarawa-Kano-2023,103.164557,Over-voting,13,4.769230769,Nigeria,High Score,"Nassarawa,Kano,Nigeria"
PU131,Rivers,Obio/Akpor,Ward H,2023,860,440,410,35,885,Obio/Akpor-Rivers-2023,102.9069767,Over-voting,12,4.833333333,Nigeria,High Score,"Obio/Akpor,Rivers,Nigeria"
PU132,Abuja,AMAC,Ward C,2023,1080,550,510,45,1105,AMAC-Abuja-2023,102.3148148,Over-voting,12,3,Nigeria,High Score,"AMAC,Abuja,Nigeria"
PU133,Lagos,Eti-Osa,Ward E,2023,590,310,280,25,615,Eti-Osa-Lagos-2023,104.2372881,Over-voting,12,3.833333333,Nigeria,High Score,"Eti-Osa,Lagos,Nigeria"
PU134,Kano,Fagge,Ward C,2023,630,320,300,30,650,Fagge-Kano-2023,103.1746032,Over-voting,12,4.833333333,Nigeria,High Score,"Fagge,Kano,Nigeria"
PU135,Rivers,Port Harcourt,Ward F,2023,910,475,430,35,940,Port Harcourt-Rivers-2023,103.2967033,Over-voting,13,4.769230769,Nigeria,High Score,"Port Harcourt,Rivers,Nigeria"
PU136,Abuja,Bwari,Ward D,2023,960,490,450,40,980,Bwari-Abuja-2023,102.0833333,Over-voting,12,4,Nigeria,High Score,"Bwari,Abuja,Nigeria"
PU137,Lagos,Surulere,Ward D,2023,520,265,250,25,540,Surulere-Lagos-2023,103.8461538,Over-voting,13,4.692307692,Nigeria,High Score,"Surulere,Lagos,Nigeria"
PU138,Kano,Nassarawa,Ward E,2023,770,400,360,40,800,Nassarawa-Kano-2023,103.8961039,Over-voting,13,4.769230769,Nigeria,High Score,"Nassarawa,Kano,Nigeria"
PU139,Rivers,Obio/Akpor,Ward I,2023,840,430,400,40,870,Obio/Akpor-Rivers-2023,103.5714286,Over-voting,12,4.833333333,Nigeria,High Score,"Obio/Akpor,Rivers,Nigeria"
PU140,Abuja,AMAC,Ward D,2023,1120,580,530,45,1155,AMAC-Abuja-2023,103.125,Over-voting,12,3,Nigeria,High Score,"AMAC,Abuja,Nigeria"
PU141,Lagos,Eti-Osa,Ward F,2023,610,315,290,30,635,Eti-Osa-Lagos-2023,104.0983607,Over-voting,12,3.833333333,Nigeria,High Score,"Eti-Osa,Lagos,Nigeria"
PU142,Kano,Fagge,Ward D,2023,650,330,310,35,675,Fagge-Kano-2023,103.8461538,Over-voting,12,4.833333333,Nigeria,High Score,"Fagge,Kano,Nigeria"
PU143,Rivers,Port Harcourt,Ward G,2023,930,485,440,35,960,Port Harcourt-Rivers-2023,103.2258065,Over-voting,13,4.769230769,Nigeria,High Score,"Port Harcourt,Rivers,Nigeria"
PU144,Abuja,Bwari,Ward E,2023,990,510,470,35,1015,Bwari-Abuja-2023,102.5252525,Over-voting,12,4,Nigeria,High Score,"Bwari,Abuja,Nigeria"
PU145,Lagos,Surulere,Ward E,2023,560,290,270,25,585,Surulere-Lagos-2023,104.4642857,Over-voting,13,4.692307692,Nigeria,High Score,"Surulere,Lagos,Nigeria"
PU146,Kano,Nassarawa,Ward F,2023,800,420,380,30,830,Nassarawa-Kano-2023,103.75,Over-voting,13,4.769230769,Nigeria,High Score,"Nassarawa,Kano,Nigeria"
PU147,Rivers,Obio/Akpor,Ward J,2023,870,455,420,30,905,Obio/Akpor-Rivers-2023,104.0229885,Over-voting,12,4.833333333,Nigeria,High Score,"Obio/Akpor,Rivers,Nigeria"
PU148,Abuja,AMAC,Ward E,2023,1090,565,520,40,1125,AMAC-Abuja-2023,103.2110092,Over-voting,12,3,Nigeria,High Score,"AMAC,Abuja,Nigeria"
PU149,Lagos,Eti-Osa,Ward G,2023,570,295,270,25,590,Eti-Osa-Lagos-2023,103.5087719,Over-voting,12,3.833333333,Nigeria,High Score,"Eti-Osa,Lagos,Nigeria"
PU150,Kano,Fagge,Ward E,2023,670,345,320,30,695,Fagge-Kano-2023,103.7313433,Over-voting,12,4.833333333,Nigeria,High Score,"Fagge,Kano,Nigeria"
PU151,Rivers,Port Harcourt,Ward H,2023,940,490,445,35,970,Port Harcourt-Rivers-2023,103.1914894,Over-voting,13,4.769230769,Nigeria,High Score,"Port Harcourt,Rivers,Nigeria"
PU152,Abuja,Bwari,Ward F,2023,1000,520,475,40,1035,Bwari-Abuja-2023,103.5,Over-voting,12,4,Nigeria,High Score,"Bwari,Abuja,Nigeria"
PU153,Lagos,Surulere,Ward F,2023,550,285,265,20,570,Surulere-Lagos-2023,103.6363636,Over-voting,13,4.692307692,Nigeria,High Score,"Surulere,Lagos,Nigeria"
PU154,Kano,Nassarawa,Ward G,2023,810,425,385,35,845,Nassarawa-Kano-2023,104.3209877,Over-voting,13,4.769230769,Nigeria,High Score,"Nassarawa,Kano,Nigeria"
PU155,Rivers,Obio/Akpor,Ward K,2023,880,460,425,30,915,Obio/Akpor-Rivers-2023,103.9772727,Over-voting,12,4.833333333,Nigeria,High Score,"Obio/Akpor,Rivers,Nigeria"
PU156,Abuja,AMAC,Ward F,2023,1140,590,545,40,1175,AMAC-Abuja-2023,103.0701754,Over-voting,12,3,Nigeria,High Score,"AMAC,Abuja,Nigeria"
PU157,Lagos,Eti-Osa,Ward H,2023,600,310,285,30,625,Eti-Osa-Lagos-2023,104.1666667,Over-voting,12,3.833333333,Nigeria,High Score,"Eti-Osa,Lagos,Nigeria"
PU158,Kano,Fagge,Ward F,2023,680,350,325,30,705,Fagge-Kano-2023,103.6764706,Over-voting,12,4.833333333,Nigeria,High Score,"Fagge,Kano,Nigeria"
PU159,Rivers,Port Harcourt,Ward I,2023,950,495,450,40,985,Port Harcourt-Rivers-2023,103.6842105,Over-voting,13,4.769230769,Nigeria,High Score,"Port Harcourt,Rivers,Nigeria"
PU160,Abuja,Bwari,Ward G,2023,1010,525,480,35,1040,Bwari-Abuja-2023,102.970297,Over-voting,12,4,Nigeria,High Score,"Bwari,Abuja,Nigeria"
PU161,Lagos,Surulere,Ward G,2023,570,295,275,25,595,Surulere-Lagos-2023,104.3859649,Over-voting,13,4.692307692,Nigeria,High Score,"Surulere,Lagos,Nigeria"
PU162,Kano,Nassarawa,Ward H,2023,830,435,395,35,865,Nassarawa-Kano-2023,104.2168675,Over-voting,13,4.769230769,Nigeria,High Score,"Nassarawa,Kano,Nigeria"
PU163,Rivers,Obio/Akpor,Ward L,2023,890,465,430,30,925,Obio/Akpor-Rivers-2023,103.9325843,Over-voting,12,4.833333333,Nigeria,High Score,"Obio/Akpor,Rivers,Nigeria"
PU164,Abuja,AMAC,Ward G,2023,1110,575,530,40,1145,AMAC-Abuja-2023,103.1531532,Over-voting,12,3,Nigeria,High Score,"AMAC,Abuja,Nigeria"
PU165,Lagos,Eti-Osa,Ward I,2023,580,300,275,30,605,Eti-Osa-Lagos-2023,104.3103448,Over-voting,12,3.833333333,Nigeria,High Score,"Eti-Osa,Lagos,Nigeria"
PU166,Kano,Fagge,Ward G,2023,690,355,330,30,715,Fagge-Kano-2023,103.6231884,Over-voting,12,4.833333333,Nigeria,High Score,"Fagge,Kano,Nigeria"
PU167,Rivers,Port Harcourt,Ward J,2023,960,500,455,40,995,Port Harcourt-Rivers-2023,103.6458333,Over-voting,13,4.769230769,Nigeria,High Score,"Port Harcourt,Rivers,Nigeria"
PU168,Abuja,Bwari,Ward H,2023,1020,530,485,40,1055,Bwari-Abuja-2023,103.4313725,Over-voting,12,4,Nigeria,High Score,"Bwari,Abuja,Nigeria"
PU169,Lagos,Surulere,Ward H,2023,590,305,285,25,615,Surulere-Lagos-2023,104.2372881,Over-voting,13,4.692307692,Nigeria,High Score,"Surulere,Lagos,Nigeria"
PU170,Kano,Nassarawa,Ward I,2023,840,440,400,35,875,Nassarawa-Kano-2023,104.1666667,Over-voting,13,4.769230769,Nigeria,High Score,"Nassarawa,Kano,Nigeria"
PU171,Rivers,Obio/Akpor,Ward M,2023,900,470,435,30,935,Obio/Akpor-Rivers-2023,103.8888889,Over-voting,12,4.833333333,Nigeria,High Score,"Obio/Akpor,Rivers,Nigeria"
PU172,Abuja,AMAC,Ward H,2023,1130,585,540,40,1165,AMAC-Abuja-2023,103.0973451,Over-voting,12,3,Nigeria,High Score,"AMAC,Abuja,Nigeria"
PU173,Lagos,Eti-Osa,Ward J,2023,610,315,290,30,635,Eti-Osa-Lagos-2023,104.0983607,Over-voting,12,3.833333333,Nigeria,High Score,"Eti-Osa,Lagos,Nigeria"
PU174,Kano,Fagge,Ward H,2023,700,360,335,30,725,Fagge-Kano-2023,103.5714286,Over-voting,12,4.833333333,Nigeria,High Score,"Fagge,Kano,Nigeria"
PU175,Rivers,Port Harcourt,Ward K,2023,970,505,460,40,1005,Port Harcourt-Rivers-2023,103.6082474,Over-voting,13,4.769230769,Nigeria,High Score,"Port Harcourt,Rivers,Nigeria"
PU176,Abuja,Bwari,Ward I,2023,1030,535,490,40,1065,Bwari-Abuja-2023,103.3980583,Over-voting,12,4,Nigeria,High Score,"Bwari,Abuja,Nigeria"
PU177,Lagos,Surulere,Ward I,2023,600,310,290,25,625,Surulere-Lagos-2023,104.1666667,Over-voting,13,4.692307692,Nigeria,High Score,"Surulere,Lagos,Nigeria"
PU178,Kano,Nassarawa,Ward J,2023,850,445,405,35,885,Nassarawa-Kano-2023,104.1176471,Over-voting,13,4.769230769,Nigeria,High Score,"Nassarawa,Kano,Nigeria"
PU179,Rivers,Obio/Akpor,Ward N,2023,910,475,440,30,945,Obio/Akpor-Rivers-2023,103.8461538,Over-voting,12,4.833333333,Nigeria,High Score,"Obio/Akpor,Rivers,Nigeria"
PU180,Abuja,AMAC,Ward I,2023,1150,595,550,40,1185,AMAC-Abuja-2023,103.0434783,Over-voting,12,3,Nigeria,High Score,"AMAC,Abuja,Nigeria"
PU181,Lagos,Eti-Osa,Ward K,2023,620,320,295,30,645,Eti-Osa-Lagos-2023,104.0322581,Over-voting,12,3.833333333,Nigeria,High Score,"Eti-Osa,Lagos,Nigeria"
PU182,Kano,Fagge,Ward I,2023,710,365,340,30,735,Fagge-Kano-2023,103.5211268,Over-voting,12,4.833333333,Nigeria,High Score,"Fagge,Kano,Nigeria"
PU183,Rivers,Port Harcourt,Ward L,2023,980,510,465,40,1015,Port Harcourt-Rivers-2023,103.5714286,Over-voting,13,4.769230769,Nigeria,High Score,"Port Harcourt,Rivers,Nigeria"
PU184,Abuja,Bwari,Ward J,2023,1040,540,495,40,1075,Bwari-Abuja-2023,103.3653846,Over-voting,12,4,Nigeria,High Score,"Bwari,Abuja,Nigeria"
PU185,Lagos,Surulere,Ward J,2023,610,315,295,25,635,Surulere-Lagos-2023,104.0983607,Over-voting,13,4.692307692,Nigeria,High Score,"Surulere,Lagos,Nigeria"
PU186,Kano,Nassarawa,Ward K,2023,860,450,410,35,895,Nassarawa-Kano-2023,104.0697674,Over-voting,13,4.769230769,Nigeria,High Score,"Nassarawa,Kano,Nigeria"
PU187,Rivers,Obio/Akpor,Ward O,2023,920,480,445,30,955,Obio/Akpor-Rivers-2023,103.8043478,Over-voting,12,4.833333333,Nigeria,High Score,"Obio/Akpor,Rivers,Nigeria"
PU188,Abuja,AMAC,Ward J,2023,1160,600,555,40,1195,AMAC-Abuja-2023,103.0172414,Over-voting,12,3,Nigeria,High Score,"AMAC,Abuja,Nigeria"
PU189,Lagos,Eti-Osa,Ward L,2023,630,325,300,30,655,Eti-Osa-Lagos-2023,103.968254,Over-voting,12,3.833333333,Nigeria,High Score,"Eti-Osa,Lagos,Nigeria"
PU190,Kano,Fagge,Ward J,2023,720,370,345,30,745,Fagge-Kano-2023,103.4722222,Over-voting,12,4.833333333,Nigeria,High Score,"Fagge,Kano,Nigeria"
PU191,Rivers,Port Harcourt,Ward M,2023,990,515,470,40,1025,Port Harcourt-Rivers-2023,103.5353535,Over-voting,13,4.769230769,Nigeria,High Score,"Port Harcourt,Rivers,Nigeria"
PU192,Abuja,Bwari,Ward K,2023,1050,545,500,40,1085,Bwari-Abuja-2023,103.3333333,Over-voting,12,4,Nigeria,High Score,"Bwari,Abuja,Nigeria"
PU193,Lagos,Surulere,Ward K,2023,620,320,300,25,645,Surulere-Lagos-2023,104.0322581,Over-voting,13,4.692307692,Nigeria,High Score,"Surulere,Lagos,Nigeria"
PU194,Kano,Nassarawa,Ward L,2023,870,455,415,35,905,Nassarawa-Kano-2023,104.0229885,Over-voting,13,4.769230769,Nigeria,High Score,"Nassarawa,Kano,Nigeria"
PU195,Rivers,Obio/Akpor,Ward P,2023,930,485,450,30,965,Obio/Akpor-Rivers-2023,103.7634409,Over-voting,12,4.833333333,Nigeria,High Score,"Obio/Akpor,Rivers,Nigeria"
PU196,Abuja,AMAC,Ward K,2023,1170,605,560,40,1205,AMAC-Abuja-2023,102.991453,Over-voting,12,3,Nigeria,High Score,"AMAC,Abuja,Nigeria"
PU197,Lagos,Eti-Osa,Ward M,2023,640,330,305,30,665,Eti-Osa-Lagos-2023,103.90625,Over-voting,12,3.833333333,Nigeria,High Score,"Eti-Osa,Lagos,Nigeria"
PU198,Kano,Fagge,Ward K,2023,730,375,350,30,755,Fagge-Kano-2023,103.4246575,Over-voting,12,4.833333333,Nigeria,High Score,"Fagge,Kano,Nigeria"
PU199,Rivers,Port Harcourt,Ward N,2023,1000,520,475,40,1035,Port Harcourt-Rivers-2023,103.5,Over-voting,13,4.769230769,Nigeria,High Score,"Port Harcourt,Rivers,Nigeria"
PU200,Abuja,Bwari,Ward L,2023,1060,550,505,40,1095,Bwari-Abuja-2023,103.3018868,Over-voting,12,4,Nigeria,High Score,"Bwari,Abuja,Nigeria"
PU002,Lagos,Surulere,Ward A,2019,475,0,0,0,0,Surulere-Lagos-2019,0,Zero Turnout,14,3.785714286,Nigeria,High Score,"Surulere,Lagos,Nigeria"
PU013,Kano,Nassarawa,Ward B,2019,780,390,370,20,100,Nassarawa-Kano-2019,12.82051282,Suspicious Low,14,3.785714286,Nigeria,High Score,"Nassarawa,Kano,Nigeria"
PU102,Lagos,Surulere,Ward A,2023,475,10,5,3,18,Surulere-Lagos-2023,3.789473684,Suspicious Low,13,4.692307692,Nigeria,High Score,"Surulere,Lagos,Nigeria"
PU014,Lagos,Surulere,Ward A,2019,510,260,240,10,510,Surulere-Lagos-2019,100,Perfect Turnout,14,3.785714286,Nigeria,High Score,"Surulere,Lagos,Nigeria"
PU003,Lagos,Eti-Osa,Ward C,2019,600,310,200,90,600,Eti-Osa-Lagos-2019,100,Perfect Turnout,12,2.416666667,Nigeria,High Score,"Eti-Osa,Lagos,Nigeria"
PU015,Rivers,Obio/Akpor,Ward F,2019,820,410,395,15,820,Obio/Akpor-Rivers-2019,100,Perfect Turnout,12,3.916666667,Nigeria,High Score,"Obio/Akpor,Rivers,Nigeria"
PU020,Abuja,Bwari,Ward B,2019,970,490,460,20,970,Bwari-Abuja-2019,100,Perfect Turnout,12,3,Nigeria,High Score,"Bwari,Abuja,Nigeria"
PU021,Lagos,Surulere,Ward B,2019,530,260,250,20,530,Surulere-Lagos-2019,100,Perfect Turnout,14,3.785714286,Nigeria,High Score,"Surulere,Lagos,Nigeria"
PU033,Lagos,Eti-Osa,Ward E,2019,590,300,270,20,590,Eti-Osa-Lagos-2019,100,Perfect Turnout,12,2.416666667,Nigeria,High Score,"Eti-Osa,Lagos,Nigeria"
PU040,Abuja,AMAC,Ward D,2019,1120,560,520,40,1120,AMAC-Abuja-2019,100,Perfect Turnout,12,2,Nigeria,High Score,"AMAC,Abuja,Nigeria"
PU041,Lagos,Eti-Osa,Ward F,2019,610,305,280,25,610,Eti-Osa-Lagos-2019,100,Perfect Turnout,12,2.416666667,Nigeria,High Score,"Eti-Osa,Lagos,Nigeria"
PU201,Lagos,Surulere,Ward L,2023,630,315,295,20,630,Surulere-Lagos-2023,100,Perfect Turnout,13,4.692307692,Nigeria,High Score,"Surulere,Lagos,Nigeria"
PU202,Kano,Nassarawa,Ward M,2023,880,440,410,30,880,Nassarawa-Kano-2023,100,Perfect Turnout,13,4.769230769,Nigeria,High Score,"Nassarawa,Kano,Nigeria"
PU203,Rivers,Obio/Akpor,Ward Q,2023,940,470,445,25,940,Obio/Akpor-Rivers-2023,100,Perfect Turnout,12,4.833333333,Nigeria,High Score,"Obio/Akpor,Rivers,Nigeria"
PU204,Abuja,AMAC,Ward L,2023,1180,590,555,35,1180,AMAC-Abuja-2023,100,Perfect Turnout,12,3,Nigeria,High Score,"AMAC,Abuja,Nigeria"
PU205,Lagos,Eti-Osa,Ward N,2023,650,325,300,25,650,Eti-Osa-Lagos-2023,100,Perfect Turnout,12,3.833333333,Nigeria,High Score,"Eti-Osa,Lagos,Nigeria"
PU206,Kano,Fagge,Ward L,2023,740,370,345,25,740,Fagge-Kano-2023,100,Perfect Turnout,12,4.833333333,Nigeria,High Score,"Fagge,Kano,Nigeria"
PU207,Rivers,Port Harcourt,Ward O,2023,1010,505,470,35,1010,Port Harcourt-Rivers-2023,100,Perfect Turnout,13,4.769230769,Nigeria,High Score,"Port Harcourt,Rivers,Nigeria"
PU208,Abuja,Bwari,Ward M,2023,1070,535,500,35,1070,Bwari-Abuja-2023,100,Perfect Turnout,12,4,Nigeria,High Score,"Bwari,Abuja,Nigeria"
PU209,Lagos,Surulere,Ward M,2023,640,320,300,20,640,Surulere-Lagos-2023,100,Perfect Turnout,13,4.692307692,Nigeria,High Score,"Surulere,Lagos,Nigeria"
PU210,Kano,Nassarawa,Ward N,2023,890,445,415,30,890,Nassarawa-Kano-2023,100,Perfect Turnout,13,4.769230769,Nigeria,High Score,"Nassarawa,Kano,Nigeria"
PU211,Rivers,Obio/Akpor,Ward R,2023,950,475,450,25,950,Obio/Akpor-Rivers-2023,100,Perfect Turnout,12,4.833333333,Nigeria,High Score,"Obio/Akpor,Rivers,Nigeria"
PU212,Abuja,AMAC,Ward M,2023,1190,595,560,35,1190,AMAC-Abuja-2023,100,Perfect Turnout,12,3,Nigeria,High Score,"AMAC,Abuja,Nigeria"
PU213,Lagos,Eti-Osa,Ward O,2023,660,330,305,25,660,Eti-Osa-Lagos-2023,100,Perfect Turnout,12,3.833333333,Nigeria,High Score,"Eti-Osa,Lagos,Nigeria"
PU214,Kano,Fagge,Ward M,2023,750,375,350,25,750,Fagge-Kano-2023,100,Perfect Turnout,12,4.833333333,Nigeria,High Score,"Fagge,Kano,Nigeria"
PU215,Rivers,Port Harcourt,Ward P,2023,1020,510,475,35,1020,Port Harcourt-Rivers-2023,100,Perfect Turnout,13,4.769230769,Nigeria,High Score,"Port Harcourt,Rivers,Nigeria"
PU216,Abuja,Bwari,Ward N,2023,1080,540,505,35,1080,Bwari-Abuja-2023,100,Perfect Turnout,12,4,Nigeria,High Score,"Bwari,Abuja,Nigeria"
PU217,Lagos,Surulere,Ward N,2023,650,325,305,20,650,Surulere-Lagos-2023,100,Perfect Turnout,13,4.692307692,Nigeria,High Score,"Surulere,Lagos,Nigeria"
PU218,Kano,Nassarawa,Ward O,2023,900,450,420,30,900,Nassarawa-Kano-2023,100,Perfect Turnout,13,4.769230769,Nigeria,High Score,"Nassarawa,Kano,Nigeria"
PU219,Rivers,Obio/Akpor,Ward S,2023,960,480,455,25,960,Obio/Akpor-Rivers-2023,100,Perfect Turnout,12,4.833333333,Nigeria,High Score,"Obio/Akpor,Rivers,Nigeria"
PU220,Abuja,AMAC,Ward N,2023,1200,600,565,35,1200,AMAC-Abuja-2023,100,Perfect Turnout,12,3,Nigeria,High Score,"AMAC,Abuja,Nigeria"
PU221,Lagos,Eti-Osa,Ward P,2023,670,335,310,25,670,Eti-Osa-Lagos-2023,100,Perfect Turnout,12,3.833333333,Nigeria,High Score,"Eti-Osa,Lagos,Nigeria"
PU222,Kano,Fagge,Ward N,2023,760,380,355,25,760,Fagge-Kano-2023,100,Perfect Turnout,12,4.833333333,Nigeria,High Score,"Fagge,Kano,Nigeria"
PU223,Rivers,Port Harcourt,Ward Q,2023,1030,515,480,35,1030,Port Harcourt-Rivers-2023,100,Perfect Turnout,13,4.769230769,Nigeria,High Score,"Port Harcourt,Rivers,Nigeria"
PU224,Abuja,Bwari,Ward O,2023,1090,545,510,35,1090,Bwari-Abuja-2023,100,Perfect Turnout,12,4,Nigeria,High Score,"Bwari,Abuja,Nigeria"
PU225,Lagos,Surulere,Ward O,2023,660,330,310,20,660,Surulere-Lagos-2023,100,Perfect Turnout,13,4.692307692,Nigeria,High Score,"Surulere,Lagos,Nigeria"
PU226,Kano,Nassarawa,Ward P,2023,910,455,425,30,910,Nassarawa-Kano-2023,100,Perfect Turnout,13,4.769230769,Nigeria,High Score,"Nassarawa,Kano,Nigeria"
PU227,Rivers,Obio/Akpor,Ward T,2023,970,485,460,25,970,Obio/Akpor-Rivers-2023,100,Perfect Turnout,12,4.833333333,Nigeria,High Score,"Obio/Akpor,Rivers,Nigeria"
PU228,Abuja,AMAC,Ward O,2023,1210,605,570,35,1210,AMAC-Abuja-2023,100,Perfect Turnout,12,3,Nigeria,High Score,"AMAC,Abuja,Nigeria"
PU229,Lagos,Eti-Osa,Ward Q,2023,680,340,315,25,680,Eti-Osa-Lagos-2023,100,Perfect Turnout,12,3.833333333,Nigeria,High Score,"Eti-Osa,Lagos,Nigeria"
PU230,Kano,Fagge,Ward O,2023,770,385,360,25,770,Fagge-Kano-2023,100,Perfect Turnout,12,4.833333333,Nigeria,High Score,"Fagge,Kano,Nigeria"
PU231,Rivers,Port Harcourt,Ward R,2023,1040,520,485,35,1040,Port Harcourt-Rivers-2023,100,Perfect Turnout,13,4.769230769,Nigeria,High Score,"Port Harcourt,Rivers,Nigeria"
PU232,Abuja,Bwari,Ward P,2023,1100,550,515,35,1100,Bwari-Abuja-2023,100,Perfect Turnout,12,4,Nigeria,High Score,"Bwari,Abuja,Nigeria"
PU233,Lagos,Surulere,Ward P,2023,670,335,315,20,670,Surulere-Lagos-2023,100,Perfect Turnout,13,4.692307692,Nigeria,High Score,"Surulere,Lagos,Nigeria"
PU234,Kano,Nassarawa,Ward Q,2023,920,460,430,30,920,Nassarawa-Kano-2023,100,Perfect Turnout,13,4.769230769,Nigeria,High Score,"Nassarawa,Kano,Nigeria"
PU235,Rivers,Obio/Akpor,Ward U,2023,980,490,465,25,980,Obio/Akpor-Rivers-2023,100,Perfect Turnout,12,4.833333333,Nigeria,High Score,"Obio/Akpor,Rivers,Nigeria"
PU236,Abuja,AMAC,Ward P,2023,1220,610,575,35,1220,AMAC-Abuja-2023,100,Perfect Turnout,12,3,Nigeria,High Score,"AMAC,Abuja,Nigeria"
PU237,Lagos,Eti-Osa,Ward R,2023,690,345,320,25,690,Eti-Osa-Lagos-2023,100,Perfect Turnout,12,3.833333333,Nigeria,High Score,"Eti-Osa,Lagos,Nigeria"
PU238,Kano,Fagge,Ward P,2023,780,390,365,25,780,Fagge-Kano-2023,100,Perfect Turnout,12,4.833333333,Nigeria,High Score,"Fagge,Kano,Nigeria"
PU239,Rivers,Port Harcourt,Ward S,2023,1050,525,490,35,1050,Port Harcourt-Rivers-2023,100,Perfect Turnout,13,4.769230769,Nigeria,High Score,"Port Harcourt,Rivers,Nigeria"
PU240,Abuja,Bwari,Ward Q,2023,1110,555,520,35,1110,Bwari-Abuja-2023,100,Perfect Turnout,12,4,Nigeria,High Score,"Bwari,Abuja,Nigeria"
PU241,Lagos,Surulere,Ward Q,2023,680,340,320,20,680,Surulere-Lagos-2023,100,Perfect Turnout,13,4.692307692,Nigeria,High Score,"Surulere,Lagos,Nigeria"
PU242,Kano,Nassarawa,Ward R,2023,930,465,435,30,930,Nassarawa-Kano-2023,100,Perfect Turnout,13,4.769230769,Nigeria,High Score,"Nassarawa,Kano,Nigeria"
PU243,Rivers,Obio/Akpor,Ward V,2023,990,495,470,25,990,Obio/Akpor-Rivers-2023,100,Perfect Turnout,12,4.833333333,Nigeria,High Score,"Obio/Akpor,Rivers,Nigeria"
PU244,Abuja,AMAC,Ward Q,2023,1230,615,580,35,1230,AMAC-Abuja-2023,100,Perfect Turnout,12,3,Nigeria,High Score,"AMAC,Abuja,Nigeria"
PU245,Lagos,Eti-Osa,Ward S,2023,700,350,325,25,700,Eti-Osa-Lagos-2023,100,Perfect Turnout,12,3.833333333,Nigeria,High Score,"Eti-Osa,Lagos,Nigeria"
PU246,Kano,Fagge,Ward Q,2023,790,395,370,25,790,Fagge-Kano-2023,100,Perfect Turnout,12,4.833333333,Nigeria,High Score,"Fagge,Kano,Nigeria"
PU247,Rivers,Port Harcourt,Ward T,2023,1060,530,495,35,1060,Port Harcourt-Rivers-2023,100,Perfect Turnout,13,4.769230769,Nigeria,High Score,"Port Harcourt,Rivers,Nigeria"
PU248,Abuja,Bwari,Ward R,2023,1120,560,525,35,1120,Bwari-Abuja-2023,100,Perfect Turnout,12,4,Nigeria,High Score,"Bwari,Abuja,Nigeria"
PU249,Lagos,Surulere,Ward R,2023,690,345,325,20,690,Surulere-Lagos-2023,100,Perfect Turnout,13,4.692307692,Nigeria,High Score,"Surulere,Lagos,Nigeria"
PU250,Kano,Nassarawa,Ward S,2023,940,470,440,30,940,Nassarawa-Kano-2023,100,Perfect Turnout,13,4.769230769,Nigeria,High Score,"Nassarawa,Kano,Nigeria"
PU251,Rivers,Obio/Akpor,Ward W,2023,1000,500,475,25,1000,Obio/Akpor-Rivers-2023,100,Perfect Turnout,12,4.833333333,Nigeria,High Score,"Obio/Akpor,Rivers,Nigeria"
PU252,Abuja,AMAC,Ward R,2023,1240,620,585,35,1240,AMAC-Abuja-2023,100,Perfect Turnout,12,3,Nigeria,High Score,"AMAC,Abuja,Nigeria"
PU253,Lagos,Eti-Osa,Ward T,2023,710,355,330,25,710,Eti-Osa-Lagos-2023,100,Perfect Turnout,12,3.833333333,Nigeria,High Score,"Eti-Osa,Lagos,Nigeria"
PU254,Kano,Fagge,Ward R,2023,800,400,375,25,800,Fagge-Kano-2023,100,Perfect Turnout,12,4.833333333,Nigeria,High Score,"Fagge,Kano,Nigeria"
PU255,Rivers,Port Harcourt,Ward U,2023,1070,535,500,35,1070,Port Harcourt-Rivers-2023,100,Perfect Turnout,13,4.769230769,Nigeria,High Score,"Port Harcourt,Rivers,Nigeria"
PU256,Abuja,Bwari,Ward S,2023,1130,565,530,35,1130,Bwari-Abuja-2023,100,Perfect Turnout,12,4,Nigeria,High Score,"Bwari,Abuja,Nigeria"
PU257,Lagos,Surulere,Ward S,2023,700,350,330,20,700,Surulere-Lagos-2023,100,Perfect Turnout,13,4.692307692,Nigeria,High Score,"Surulere,Lagos,Nigeria"
PU258,Kano,Nassarawa,Ward T,2023,950,475,445,30,950,Nassarawa-Kano-2023,100,Perfect Turnout,13,4.769230769,Nigeria,High Score,"Nassarawa,Kano,Nigeria"
PU259,Rivers,Obio/Akpor,Ward X,2023,1010,505,480,25,1010,Obio/Akpor-Rivers-2023,100,Perfect Turnout,12,4.833333333,Nigeria,High Score,"Obio/Akpor,Rivers,Nigeria"
PU260,Abuja,AMAC,Ward S,2023,1250,625,590,35,1250,AMAC-Abuja-2023,100,Perfect Turnout,12,3,Nigeria,High Score,"AMAC,Abuja,Nigeria"
PU261,Lagos,Eti-Osa,Ward U,2023,720,360,335,25,720,Eti-Osa-Lagos-2023,100,Perfect Turnout,12,3.833333333,Nigeria,High Score,"Eti-Osa,Lagos,Nigeria"
PU262,Kano,Fagge,Ward S,2023,810,405,380,25,810,Fagge-Kano-2023,100,Perfect Turnout,12,4.833333333,Nigeria,High Score,"Fagge,Kano,Nigeria"
PU263,Rivers,Port Harcourt,Ward V,2023,1080,540,505,35,1080,Port Harcourt-Rivers-2023,100,Perfect Turnout,13,4.769230769,Nigeria,High Score,"Port Harcourt,Rivers,Nigeria"
PU264,Abuja,Bwari,Ward T,2023,1140,570,535,35,1140,Bwari-Abuja-2023,100,Perfect Turnout,12,4,Nigeria,High Score,"Bwari,Abuja,Nigeria"
PU265,Lagos,Surulere,Ward T,2023,710,355,335,20,710,Surulere-Lagos-2023,100,Perfect Turnout,13,4.692307692,Nigeria,High Score,"Surulere,Lagos,Nigeria"
PU266,Kano,Nassarawa,Ward U,2023,960,480,450,30,960,Nassarawa-Kano-2023,100,Perfect Turnout,13,4.769230769,Nigeria,High Score,"Nassarawa,Kano,Nigeria"
PU267,Rivers,Obio/Akpor,Ward Y,2023,1020,510,485,25,1020,Obio/Akpor-Rivers-2023,100,Perfect Turnout,12,4.833333333,Nigeria,High Score,"Obio/Akpor,Rivers,Nigeria"
PU268,Abuja,AMAC,Ward T,2023,1260,630,595,35,1260,AMAC-Abuja-2023,100,Perfect Turnout,12,3,Nigeria,High Score,"AMAC,Abuja,Nigeria"
PU269,Lagos,Eti-Osa,Ward V,2023,730,365,340,25,730,Eti-Osa-Lagos-2023,100,Perfect Turnout,12,3.833333333,Nigeria,High Score,"Eti-Osa,Lagos,Nigeria"
PU270,Kano,Fagge,Ward T,2023,820,410,385,25,820,Fagge-Kano-2023,100,Perfect Turnout,12,4.833333333,Nigeria,High Score,"Fagge,Kano,Nigeria"
PU271,Rivers,Port Harcourt,Ward W,2023,1090,545,510,35,1090,Port Harcourt-Rivers-2023,100,Perfect Turnout,13,4.769230769,Nigeria,High Score,"Port Harcourt,Rivers,Nigeria"
PU272,Abuja,Bwari,Ward U,2023,1150,575,540,35,1150,Bwari-Abuja-2023,100,Perfect Turnout,12,4,Nigeria,High Score,"Bwari,Abuja,Nigeria"
PU273,Lagos,Surulere,Ward U,2023,720,360,340,20,720,Surulere-Lagos-2023,100,Perfect Turnout,13,4.692307692,Nigeria,High Score,"Surulere,Lagos,Nigeria"
PU274,Kano,Nassarawa,Ward V,2023,970,485,455,30,970,Nassarawa-Kano-2023,100,Perfect Turnout,13,4.769230769,Nigeria,High Score,"Nassarawa,Kano,Nigeria"
PU275,Rivers,Obio/Akpor,Ward Z,2023,1030,515,490,25,1030,Obio/Akpor-Rivers-2023,100,Perfect Turnout,12,4.833333333,Nigeria,High Score,"Obio/Akpor,Rivers,Nigeria"
PU276,Abuja,AMAC,Ward U,2023,1270,635,600,35,1270,AMAC-Abuja-2023,100,Perfect Turnout,12,3,Nigeria,High Score,"AMAC,Abuja,Nigeria"
PU277,Lagos,Eti-Osa,Ward W,2023,740,370,345,25,740,Eti-Osa-Lagos-2023,100,Perfect Turnout,12,3.833333333,Nigeria,High Score,"Eti-Osa,Lagos,Nigeria"
PU278,Kano,Fagge,Ward U,2023,830,415,390,25,830,Fagge-Kano-2023,100,Perfect Turnout,12,4.833333333,Nigeria,High Score,"Fagge,Kano,Nigeria"
PU279,Rivers,Port Harcourt,Ward X,2023,1100,550,515,35,1100,Port Harcourt-Rivers-2023,100,Perfect Turnout,13,4.769230769,Nigeria,High Score,"Port Harcourt,Rivers,Nigeria"
PU280,Abuja,Bwari,Ward V,2023,1160,580,545,35,1160,Bwari-Abuja-2023,100,Perfect Turnout,12,4,Nigeria,High Score,"Bwari,Abuja,Nigeria"
PU281,Lagos,Surulere,Ward V,2023,730,365,345,20,730,Surulere-Lagos-2023,100,Perfect Turnout,13,4.692307692,Nigeria,High Score,"Surulere,Lagos,Nigeria"
PU282,Kano,Nassarawa,Ward W,2023,980,490,460,30,980,Nassarawa-Kano-2023,100,Perfect Turnout,13,4.769230769,Nigeria,High Score,"Nassarawa,Kano,Nigeria"
PU283,Rivers,Obio/Akpor,Ward AA,2023,1040,520,495,25,1040,Obio/Akpor-Rivers-2023,100,Perfect Turnout,12,4.833333333,Nigeria,High Score,"Obio/Akpor,Rivers,Nigeria"
PU284,Abuja,AMAC,Ward V,2023,1280,640,605,35,1280,AMAC-Abuja-2023,100,Perfect Turnout,12,3,Nigeria,High Score,"AMAC,Abuja,Nigeria"
PU285,Lagos,Eti-Osa,Ward X,2023,750,375,350,25,750,Eti-Osa-Lagos-2023,100,Perfect Turnout,12,3.833333333,Nigeria,High Score,"Eti-Osa,Lagos,Nigeria"
PU286,Kano,Fagge,Ward V,2023,840,420,395,25,840,Fagge-Kano-2023,100,Perfect Turnout,12,4.833333333,Nigeria,High Score,"Fagge,Kano,Nigeria"
PU287,Rivers,Port Harcourt,Ward Y,2023,1110,555,520,35,1110,Port Harcourt-Rivers-2023,100,Perfect Turnout,13,4.769230769,Nigeria,High Score,"Port Harcourt,Rivers,Nigeria"
PU288,Abuja,Bwari,Ward W,2023,1170,585,550,35,1170,Bwari-Abuja-2023,100,Perfect Turnout,12,4,Nigeria,High Score,"Bwari,Abuja,Nigeria"
PU289,Lagos,Surulere,Ward W,2023,740,370,350,20,740,Surulere-Lagos-2023,100,Perfect Turnout,13,4.692307692,Nigeria,High Score,"Surulere,Lagos,Nigeria"
PU290,Kano,Nassarawa,Ward X,2023,990,495,465,30,990,Nassarawa-Kano-2023,100,Perfect Turnout,13,4.769230769,Nigeria,High Score,"Nassarawa,Kano,Nigeria"
PU291,Rivers,Obio/Akpor,Ward AB,2023,1050,525,500,25,1050,Obio/Akpor-Rivers-2023,100,Perfect Turnout,12,4.833333333,Nigeria,High Score,"Obio/Akpor,Rivers,Nigeria"
PU292,Abuja,AMAC,Ward W,2023,1290,645,610,35,1290,AMAC-Abuja-2023,100,Perfect Turnout,12,3,Nigeria,High Score,"AMAC,Abuja,Nigeria"
PU293,Lagos,Eti-Osa,Ward Y,2023,760,380,355,25,760,Eti-Osa-Lagos-2023,100,Perfect Turnout,12,3.833333333,Nigeria,High Score,"Eti-Osa,Lagos,Nigeria"
PU294,Kano,Fagge,Ward W,2023,850,425,400,25,850,Fagge-Kano-2023,100,Perfect Turnout,12,4.833333333,Nigeria,High Score,"Fagge,Kano,Nigeria"
PU295,Rivers,Port Harcourt,Ward Z,2023,1120,560,525,35,1120,Port Harcourt-Rivers-2023,100,Perfect Turnout,13,4.769230769,Nigeria,High Score,"Port Harcourt,Rivers,Nigeria"
PU296,Abuja,Bwari,Ward X,2023,1180,590,555,35,1180,Bwari-Abuja-2023,100,Perfect Turnout,12,4,Nigeria,High Score,"Bwari,Abuja,Nigeria"
PU297,Lagos,Surulere,Ward X,2023,750,375,355,20,750,Surulere-Lagos-2023,100,Perfect Turnout,13,4.692307692,Nigeria,High Score,"Surulere,Lagos,Nigeria"
PU298,Kano,Nassarawa,Ward Y,2023,1000,500,470,30,1000,Nassarawa-Kano-2023,100,Perfect Turnout,13,4.769230769,Nigeria,High Score,"Nassarawa,Kano,Nigeria"
PU299,Rivers,Obio/Akpor,Ward AC,2023,1060,530,505,25,1060,Obio/Akpor-Rivers-2023,100,Perfect Turnout,12,4.833333333,Nigeria,High Score,"Obio/Akpor,Rivers,Nigeria"
PU300,Abuja,AMAC,Ward X,2023,1300,650,615,35,1300,AMAC-Abuja-2023,100,Perfect Turnout,12,3,Nigeria,High Score,"AMAC,Abuja,Nigeria"
